"Symbol","Name","LastSale","MarketCap","ADR TSO","IPOyear","Sector","Industry","Summary Quote",
"VNET","21Vianet Group, Inc.","20.31","963906486.69","47459699","2011","Technology","Computer Software: Programming, Data Processing","http://www.nasdaq.com/symbol/vnet",
"TWOU","2U, Inc.","28.33","1171035791.54","n/a","2014","Technology","Computer Software: Prepackaged Software","http://www.nasdaq.com/symbol/twou",
"DDD","3D Systems Corporation","21.94","2452828220.42","n/a","n/a","Technology","Computer Software: Prepackaged Software","http://www.nasdaq.com/symbol/ddd",
"JOBS","51job, Inc.","30.83","711109334.17","23065499","2004","Technology","Diversified Commercial Services","http://www.nasdaq.com/symbol/jobs",
"WUBA","58.com Inc.","77.04","6996815326.08","n/a","2013","Technology","Computer Software: Programming, Data Processing","http://www.nasdaq.com/symbol/wuba",
"ATEN","A10 Networks, Inc.","6.15","378948375.3","n/a","2014","Technology","Computer Communications Equipment","http://www.nasdaq.com/symbol/aten",
"AAN","Aaron&#39;s,  Inc.","34.39","2495826738","n/a","n/a","Technology","Diversified Commercial Services","http://www.nasdaq.com/symbol/aan",
"ACIW","ACI Worldwide, Inc.","23.83","2782118280.12","n/a","n/a","Technology","Computer Software: Prepackaged Software","http://www.nasdaq.com/symbol/aciw",
"ACTS","Actions Semiconductor Co., Ltd.","1.615","54928546.66","34011484","2005","Technology","Semiconductors","http://www.nasdaq.com/symbol/acts",
"ATVI","Activision Blizzard, Inc","25.53","18539536979.37","n/a","n/a","Technology","Computer Software: Prepackaged Software","http://www.nasdaq.com/symbol/atvi",
"ACTA","Actua Corporation","13.62","552875175.42","n/a","n/a","Technology","EDP Services","http://www.nasdaq.com/symbol/acta",
"ATU","Actuant Corporation","23.56","1403214398.6","n/a","n/a","Technology","Industrial Machinery/Components","http://www.nasdaq.com/symbol/atu",
"ACXM","Acxiom Corporation","16.83","1315665710.37","n/a","n/a","Technology","EDP Services","http://www.nasdaq.com/symbol/acxm",
"ADEP","Adept Technology, Inc.","6.25","82330000","n/a","n/a","Technology","Industrial Machinery/Components","http://www.nasdaq.com/symbol/adep",
"ADBE","Adobe Systems Incorporated","79.82","39931479562","n/a","1986","Technology","Computer Software: Prepackaged Software","http://www.nasdaq.com/symbol/adbe",
"AMD","Advanced Micro Devices, Inc.","2.3","1789537560.7","n/a","n/a","Technology","Semiconductors","http://www.nasdaq.com/symbol/amd",
"ASX","Advanced Semiconductor Engineering, Inc.","6.96","10979931110.64","n/a","n/a","Technology","Semiconductors","http://www.nasdaq.com/symbol/asx",
"ATE","Advantest Corporation (Kabushiki Kaisha Advantest) ADS","11.52","2007656386.56","n/a","n/a","Technology","Semiconductors","http://www.nasdaq.com/symbol/ate",
"ADVS","Advent Software, Inc.","43.7","2302568600.9","n/a","1995","Technology","EDP Services","http://www.nasdaq.com/symbol/advs",
"AER","Aercap Holdings N.V.","49.93","10612792210.67","n/a","2006","Technology","Diversified Commercial Services","http://www.nasdaq.com/symbol/aer",
"ACY","AeroCentury Corp.","8.81","13596094.17","n/a","n/a","Technology","Diversified Commercial Services","http://www.nasdaq.com/symbol/acy",
"HIVE","Aerohive Networks, Inc.","7.15","333597006.6","n/a","2014","Technology","EDP Services","http://www.nasdaq.com/symbol/hive",
"WGA","AG&E Holdings, Inc.","0.74","8643200","n/a","n/a","Technology","Radio And Television Broadcasting And Communications Equipment","http://www.nasdaq.com/symbol/wga",
"AGYS","Agilysys, Inc.","9.12","208141692.48","n/a","n/a","Technology","EDP Services","http://www.nasdaq.com/symbol/agys",
"AL","Air Lease Corporation","38.18","3916464501.9","n/a","2011","Technology","Diversified Commercial Services","http://www.nasdaq.com/symbol/al",
"AYR","Aircastle Limited","24.41","1981631456.53","n/a","2006","Technology","Diversified Commercial Services","http://www.nasdaq.com/symbol/ayr",
"AMCN","AirMedia Group Inc","7.17","309739296.48","43199344","2007","Technology","Advertising","http://www.nasdaq.com/symbol/amcn",
"AIXG","Aixtron SE","7.58","34201975.72","4512134","n/a","Technology","Industrial Machinery/Components","http://www.nasdaq.com/symbol/aixg",
"AFOP","Alliance Fiber Optic Products, Inc.","19.04","337535655.52","n/a","2000","Technology","Semiconductors","http://www.nasdaq.com/symbol/afop",
"ALLT","Allot Communications Ltd.","7.85","261889572.65","n/a","2006","Technology","Computer Communications Equipment","http://www.nasdaq.com/symbol/allt",
"MDRX","Allscripts Healthcare Solutions, Inc.","14.19","2566373898.99","n/a","n/a","Technology","EDP Services","http://www.nasdaq.com/symbol/mdrx",
"AOSL","Alpha and Omega Semiconductor Limited","8.18","215490754.34","n/a","2010","Technology","Semiconductors","http://www.nasdaq.com/symbol/aosl",
"ALTR","Altera Corporation","51.7","15566299645.6","n/a","1988","Technology","Semiconductors","http://www.nasdaq.com/symbol/altr",
"AMBA","Ambarella, Inc.","92.21","2888792686.1","n/a","2012","Technology","Semiconductors","http://www.nasdaq.com/symbol/amba",
"AMBR","Amber Road, Inc.","6.99","182077931.55","n/a","2014","Technology","Computer Software: Prepackaged Software","http://www.nasdaq.com/symbol/ambr",
"DOX","Amdocs Limited","56.18","8686439240","n/a","n/a","Technology","EDP Services","http://www.nasdaq.com/symbol/dox",
"AMSWA","American Software, Inc.","8.91","251650636.38","n/a","n/a","Technology","Computer Software: Prepackaged Software","http://www.nasdaq.com/symbol/amswa",
"AMKR","Amkor Technology, Inc.","6.67","1583285267.01","n/a","1998","Technology","Semiconductors","http://www.nasdaq.com/symbol/amkr",
"AHS","AMN Healthcare Services Inc","26.61","1265458720.38","n/a","2001","Technology","Professional Services","http://www.nasdaq.com/symbol/ahs",
"ASYS","Amtech Systems, Inc.","10.74","140395578.36","n/a","n/a","Technology","Industrial Machinery/Components","http://www.nasdaq.com/symbol/asys",
"ANAD","ANADIGICS, Inc.","0.839","73553822.838","n/a","1995","Technology","Semiconductors","http://www.nasdaq.com/symbol/anad",
"ADI","Analog Devices, Inc.","67.71","21229907491.35","n/a","n/a","Technology","Semiconductors","http://www.nasdaq.com/symbol/adi",
"ANSS","ANSYS, Inc.","89.53","8037320017.51","n/a","1996","Technology","Computer Software: Prepackaged Software","http://www.nasdaq.com/symbol/anss",
"AOL","AOL Inc.","50.08","3923359998.24","n/a","n/a","Technology","EDP Services","http://www.nasdaq.com/symbol/aol",
"ATNY","API Technologies Corp.","2.24","124090140.16","n/a","n/a","Technology","Semiconductors","http://www.nasdaq.com/symbol/atny",
"APIC","Apigee Corporation","14.57","423803505.42","n/a","2015","Technology","Computer Software: Prepackaged Software","http://www.nasdaq.com/symbol/apic",
"AAPL","Apple Inc.","129.96","748703458800","n/a","1980","Technology","Computer Manufacturing","http://www.nasdaq.com/symbol/aapl",
"AMAT","Applied Materials, Inc.","20.375","25093814914.25","n/a","1972","Technology","Semiconductors","http://www.nasdaq.com/symbol/amat",
"AMCC","Applied Micro Circuits Corporation","6.89","557886834.57","n/a","1997","Technology","Semiconductors","http://www.nasdaq.com/symbol/amcc",
"AAOI","Applied Optoelectronics, Inc.","18.16","271321223.36","n/a","2013","Technology","Semiconductors","http://www.nasdaq.com/symbol/aaoi",
"ARIS","ARI Network Services, Inc.","3.0803","44198654.8445","n/a","1991","Technology","Computer Software: Programming, Data Processing","http://www.nasdaq.com/symbol/aris",
"ANET","Arista Networks, Inc.","71.61","4764100299.42","n/a","2014","Technology","Computer Communications Equipment","http://www.nasdaq.com/symbol/anet",
"ARMH","ARM Holdings plc","52.49","6711246578.78","127857622","n/a","Technology","Semiconductors","http://www.nasdaq.com/symbol/armh",
"ARRS","ARRIS Group, Inc.","33.18","4837483641.06","n/a","n/a","Technology","Radio And Television Broadcasting And Communications Equipment","http://www.nasdaq.com/symbol/arrs",
"ASTI","Ascent Solar Technologies, Inc.","0.67","20010566.39","n/a","n/a","Technology","Semiconductors","http://www.nasdaq.com/symbol/asti",
"ASMI","ASM International N.V.","50.2","121795340.4","2426202","n/a","Technology","Industrial Machinery/Components","http://www.nasdaq.com/symbol/asmi",
"ASML","ASML Holding N.V.","110.05","9075613414.55","82468091","1995","Technology","Industrial Machinery/Components","http://www.nasdaq.com/symbol/asml",
"AZPN","Aspen Technology, Inc.","43.07","3677490258.24","n/a","1994","Technology","EDP Services","http://www.nasdaq.com/symbol/azpn",
"ALOT","Astro-Med, Inc.","14.35","104859109.25","n/a","1983","Technology","Computer peripheral equipment","http://www.nasdaq.com/symbol/alot",
"ASUR","Asure Software Inc","6.19","37507042.24","n/a","n/a","Technology","EDP Services","http://www.nasdaq.com/symbol/asur",
"ATML","Atmel Corporation","8.86","3697971738","n/a","1991","Technology","Semiconductors","http://www.nasdaq.com/symbol/atml",
"ATTU","Attunity Ltd.","13.9","222814053.2","n/a","n/a","Technology","Computer Software: Prepackaged Software","http://www.nasdaq.com/symbol/attu",
"AUO","AU Optronics Corp","5.31","5110474153.41","n/a","2002","Technology","Semiconductors","http://www.nasdaq.com/symbol/auo",
"ADNC","Audience, Inc.","4.79","112736323.93","n/a","2012","Technology","Semiconductors","http://www.nasdaq.com/symbol/adnc",
"ADAT","Authentidate Holding Corp.","0.2006","8418002.0708","n/a","n/a","Technology","EDP Services","http://www.nasdaq.com/symbol/adat",
"ABTL","Autobytel Inc.","17.16","179852209.68","n/a","1999","Technology","Computer Software: Programming, Data Processing","http://www.nasdaq.com/symbol/abtl",
"ADSK","Autodesk, Inc.","54.35","12372898863.55","n/a","n/a","Technology","Computer Software: Prepackaged Software","http://www.nasdaq.com/symbol/adsk",
"ATHM","Autohome Inc.","46.2","5109819930.6","n/a","2013","Technology","EDP Services","http://www.nasdaq.com/symbol/athm",
"ADP","Automatic Data Processing, Inc.","85.45","40120828363.5","n/a","n/a","Technology","EDP Services","http://www.nasdaq.com/symbol/adp",
"AVGO","Avago Technologies Limited","144.16","36989614067.68","n/a","2009","Technology","Semiconductors","http://www.nasdaq.com/symbol/avgo",
"AVG","AVG Technologies N.V.","24.86","1286770504.8","n/a","2012","Technology","Computer Software: Prepackaged Software","http://www.nasdaq.com/symbol/avg",
"AVNW","Aviat Networks, Inc.","1.18","73645678.56","n/a","n/a","Technology","Radio And Television Broadcasting And Communications Equipment","http://www.nasdaq.com/symbol/avnw",
"AVOL","Avolon Holdings Limited","23.83","1929297818.06","n/a","2014","Technology","Diversified Commercial Services","http://www.nasdaq.com/symbol/avol",
"AWRE","Aware, Inc.","4.21","96264028.65","n/a","1996","Technology","Computer Software: Prepackaged Software","http://www.nasdaq.com/symbol/awre",
"ACLS","Axcelis Technologies, Inc.","3.15","357614784.45","n/a","2000","Technology","Industrial Machinery/Components","http://www.nasdaq.com/symbol/acls",
"AXTI","AXT Inc","2.54","82958975.56","n/a","1998","Technology","Semiconductors","http://www.nasdaq.com/symbol/axti",
"BOSC","B.O.S. Better Online Solutions","2.77","5084852.99","n/a","n/a","Technology","Computer Communications Equipment","http://www.nasdaq.com/symbol/bosc",
"BIDU","Baidu, Inc.","203.36","56343448302.4","277062590","2005","Technology","Computer Software: Programming, Data Processing","http://www.nasdaq.com/symbol/bidu",
"CUDA","Barracuda Networks, Inc.","40.08","2120840534.64","n/a","2013","Technology","Computer peripheral equipment","http://www.nasdaq.com/symbol/cuda",
"BBSI","Barrett Business Services, Inc.","36.89","263480664.37","n/a","1993","Technology","Professional Services","http://www.nasdaq.com/symbol/bbsi",
"BV","Bazaarvoice, Inc.","5.7","453071032.2","n/a","2012","Technology","Computer Software: Prepackaged Software","http://www.nasdaq.com/symbol/bv",
"BHE","Benchmark Electronics, Inc.","23.15","1213025599.1","n/a","n/a","Technology","Electrical Products","http://www.nasdaq.com/symbol/bhe",
"BNFT","Benefitfocus, Inc.","34.77","993971902.35","n/a","2013","Technology","Computer Software: Prepackaged Software","http://www.nasdaq.com/symbol/bnft",
"BGSF","BG Staffing Inc","11.85","85849043.25","n/a","n/a","Technology","Professional Services","http://www.nasdaq.com/symbol/bgsf",
"BITA","Bitauto Holdings Limited","60.19","3810706785.86","n/a","2010","Technology","EDP Services","http://www.nasdaq.com/symbol/bita",
"BBOX","Black Box Corporation","20.64","317139379.2","n/a","n/a","Technology","Computer Communications Equipment","http://www.nasdaq.com/symbol/bbox",
"BKFS","Black Knight Financial Services, Inc.","27.99","4202103348.63","n/a","2015","Technology","Computer Software: Prepackaged Software","http://www.nasdaq.com/symbol/bkfs",
"BLKB","Blackbaud, Inc.","51.23","2401338114.1","n/a","2004","Technology","Computer Software: Prepackaged Software","http://www.nasdaq.com/symbol/blkb",
"BDR","Blonder Tongue Laboratories, Inc.","0.8063","5049644.0368","n/a","n/a","Technology","Radio And Television Broadcasting And Communications Equipment","http://www.nasdaq.com/symbol/bdr",
"BCOR","Blucora, Inc.","16","654568816","n/a","n/a","Technology","EDP Services","http://www.nasdaq.com/symbol/bcor",
"CBDE","BlueNRGY Group Limited","0.9","4179405.6","n/a","n/a","Technology","Semiconductors","http://www.nasdaq.com/symbol/cbde",
"EPAY","Bottomline Technologies, Inc.","26.58","1087793862.66","n/a","1999","Technology","Computer Software: Prepackaged Software","http://www.nasdaq.com/symbol/epay",
"BOX","Box, Inc.","17.37","316128302.64","n/a","2015","Technology","Computer Software: Prepackaged Software","http://www.nasdaq.com/symbol/box",
"BLIN          ","Bridgeline Digital, Inc.","1.75","7772416.75","n/a","n/a","Technology","Computer Software: Prepackaged Software","http://www.nasdaq.com/symbol/blin          ",
"BCOV","Brightcove Inc.","6.84","222486472.08","n/a","2012","Technology","EDP Services","http://www.nasdaq.com/symbol/bcov",
"BRCM","Broadcom Corporation","54.81","32776380000","n/a","1998","Technology","Semiconductors","http://www.nasdaq.com/symbol/brcm",
"BSFT","BroadSoft, Inc.","37.2","1084008744","n/a","2010","Technology","Computer Software: Prepackaged Software","http://www.nasdaq.com/symbol/bsft",
"BVSN","BroadVision, Inc.","6","29090658","n/a","1996","Technology","Computer Software: Prepackaged Software","http://www.nasdaq.com/symbol/bvsn",
"BRCD","Brocade Communications Systems, Inc.","12.14","5119762866.4","n/a","1999","Technology","Computer Communications Equipment","http://www.nasdaq.com/symbol/brcd",
"BRKS","Brooks Automation, Inc.","11.76","793581358.08","n/a","1995","Technology","Industrial Machinery/Components","http://www.nasdaq.com/symbol/brks",
"CA","CA Inc.","29.9","13146357758.3","n/a","n/a","Technology","Computer Software: Prepackaged Software","http://www.nasdaq.com/symbol/ca",
"CCMP","Cabot Microelectronics Corporation","46.37","1146252164.41","n/a","2000","Technology","Semiconductors","http://www.nasdaq.com/symbol/ccmp",
"CACI","CACI International, Inc.","85.75","2073236231.5","n/a","n/a","Technology","EDP Services","http://www.nasdaq.com/symbol/caci",
"CDNS","Cadence Design Systems, Inc.","19.95","5838826350","n/a","n/a","Technology","Computer Software: Prepackaged Software","http://www.nasdaq.com/symbol/cdns",
"CAP","Cai International, Inc.","21.72","459215556.12","n/a","2007","Technology","Diversified Commercial Services","http://www.nasdaq.com/symbol/cap",
"CAMP","CalAmp Corp.","19.57","708930764.88","n/a","1983","Technology","Radio And Television Broadcasting And Communications Equipment","http://www.nasdaq.com/symbol/camp",
"CALD","Callidus Software, Inc.","14.51","802029614.17","n/a","2003","Technology","EDP Services","http://www.nasdaq.com/symbol/cald",
"CSIQ","Canadian Solar Inc.","32.15","1773453670.4","n/a","2006","Technology","Semiconductors","http://www.nasdaq.com/symbol/csiq",
"CARB","Carbonite, Inc.","11.25","307493797.5","n/a","2011","Technology","EDP Services","http://www.nasdaq.com/symbol/carb",
"CSLT","Castlight Health, inc.","9.04","847716517.04","n/a","2014","Technology","EDP Services","http://www.nasdaq.com/symbol/cslt",
"CAVM","Cavium, Inc.","70.39","3893058322.2","n/a","2007","Technology","Semiconductors","http://www.nasdaq.com/symbol/cavm",
"CDI","CDI Corporation","12.58","247142641.82","n/a","n/a","Technology","Professional Services","http://www.nasdaq.com/symbol/cdi",
"CLS","Celestica, Inc.","12.7","1908028086.4","n/a","1998","Technology","Electrical Products","http://www.nasdaq.com/symbol/cls",
"CRNT","Ceragon Networks Ltd.","1.27","97989990.71","n/a","n/a","Technology","Radio And Television Broadcasting And Communications Equipment","http://www.nasdaq.com/symbol/crnt",
"CERN","Cerner Corporation","67.14","23101418136.24","n/a","1986","Technology","EDP Services","http://www.nasdaq.com/symbol/cern",
"CEVA","CEVA, Inc.","20.34","419120080.38","n/a","n/a","Technology","Semiconductors","http://www.nasdaq.com/symbol/ceva",
"CYOU","Changyou.com Limited","32.75","601905896.5","18378806","2009","Technology","Computer Software: Prepackaged Software","http://www.nasdaq.com/symbol/cyou",
"ECOM          ","ChannelAdvisor Corporation","12.17","304051653.34","n/a","2013","Technology","Computer Software: Prepackaged Software","http://www.nasdaq.com/symbol/ecom          ",
"CHKP","Check Point Software Technologies Ltd.","83.63","15370437399.39","n/a","1996","Technology","Computer Software: Prepackaged Software","http://www.nasdaq.com/symbol/chkp",
"CMCM","Cheetah Mobile Inc.","32.48","4624833273.76","n/a","2014","Technology","Computer Software: Prepackaged Software","http://www.nasdaq.com/symbol/cmcm",
"CVR","Chicago Rivet & Machine Co.","30.18","29157863.76","n/a","n/a","Technology","Industrial Machinery/Components","http://www.nasdaq.com/symbol/cvr",
"STV","China Digital TV Holding Co., Ltd.","4.98","297333738.6","n/a","2007","Technology","Computer Software: Prepackaged Software","http://www.nasdaq.com/symbol/stv",
"CNIT","China Information Technology, Inc.","3.17","102213083.75","n/a","n/a","Technology","Computer Software: Prepackaged Software","http://www.nasdaq.com/symbol/cnit",
"CMGE","China Mobile Games and Entertainment Group Limited","19.85","301673809.05","15197673","n/a","Technology","Computer Software: Prepackaged Software","http://www.nasdaq.com/symbol/cmge",
"CSUN","China Sunergy Co., Ltd.","1.55","17808401.05","11489291","2007","Technology","Semiconductors","http://www.nasdaq.com/symbol/csun",
"CCIH","ChinaCache International Holdings Ltd.","13.35","221478542.55","16590153","2010","Technology","EDP Services","http://www.nasdaq.com/symbol/ccih",
"CNET","ChinaNet Online Holdings, Inc.","1.458","42617529.54","n/a","n/a","Technology","Advertising","http://www.nasdaq.com/symbol/cnet",
"IMOS","ChipMOS TECHNOLOGIES (Bermuda) LTD.","23.03","656420842.77","n/a","n/a","Technology","Semiconductors","http://www.nasdaq.com/symbol/imos",
"CBR","Ciber, Inc.","3.34","263151475.78","n/a","n/a","Technology","EDP Services","http://www.nasdaq.com/symbol/cbr",
"CRUS","Cirrus Logic, Inc.","37.08","2351284848.72","n/a","1989","Technology","Semiconductors","http://www.nasdaq.com/symbol/crus",
"CSCO","Cisco Systems, Inc.","29.08","147897644268.4","n/a","1990","Technology","Computer Communications Equipment","http://www.nasdaq.com/symbol/csco",
"CTXS","Citrix Systems, Inc.","67.01","10740873081.15","n/a","1995","Technology","Computer Software: Prepackaged Software","http://www.nasdaq.com/symbol/ctxs",
"CLNT","Cleantech Solutions International, Inc.","3.067","12083937.062","n/a","n/a","Technology","Industrial Machinery/Components","http://www.nasdaq.com/symbol/clnt",
"CKSW","ClickSoftware Technologies Ltd.","12.61","419878990.83","n/a","2000","Technology","Computer Software: Prepackaged Software","http://www.nasdaq.com/symbol/cksw",
"CDRB","Code Rebel Corporation","37.91","478045100","n/a","2015","Technology","Computer Software: Prepackaged Software","http://www.nasdaq.com/symbol/cdrb",
"CCOI","Cogent Communications Holdings, Inc.","31.06","1430304582.74","n/a","n/a","Technology","Computer Software: Prepackaged Software","http://www.nasdaq.com/symbol/ccoi",
"CTSH","Cognizant Technology Solutions Corporation","65.6","40049954100.8","n/a","1998","Technology","EDP Services","http://www.nasdaq.com/symbol/ctsh",
"CLRX","CollabRx, Inc.","0.7999","8374249.088","n/a","n/a","Technology","EDP Services","http://www.nasdaq.com/symbol/clrx",
"COMM","CommScope Holding Company, Inc.","31.745","6013120408.505","n/a","2013","Technology","Radio And Television Broadcasting And Communications Equipment","http://www.nasdaq.com/symbol/comm",
"CVLT","CommVault Systems, Inc.","45.09","2039446762.02","n/a","2006","Technology","Computer Software: Prepackaged Software","http://www.nasdaq.com/symbol/cvlt",
"CPSI","Computer Programs and Systems, Inc.","52.68","596104385.64","n/a","2002","Technology","EDP Services","http://www.nasdaq.com/symbol/cpsi",
"CSC","Computer Sciences Corporation","68.24","9625017732.08","n/a","n/a","Technology","EDP Services","http://www.nasdaq.com/symbol/csc",
"CTG","Computer Task Group, Incorporated","7.34","137379976.12","n/a","n/a","Technology","EDP Services","http://www.nasdaq.com/symbol/ctg",
"CMTL","Comtech Telecommunications Corp.","30.14","489914035.82","n/a","n/a","Technology","Radio And Television Broadcasting And Communications Equipment","http://www.nasdaq.com/symbol/cmtl",
"CCUR","Concurrent Computer Corporation","6.15","58071338.1","n/a","n/a","Technology","Computer Manufacturing","http://www.nasdaq.com/symbol/ccur",
"CNXR","Connecture, Inc.","11.26","244378527.44","n/a","2014","Technology","Computer Software: Prepackaged Software","http://www.nasdaq.com/symbol/cnxr",
"CTCT","Constant Contact, Inc.","27.54","885632531.76","n/a","2007","Technology","Advertising","http://www.nasdaq.com/symbol/ctct",
"CVG","Convergys Corporation","24.96","2466842676.48","n/a","1998","Technology","EDP Services","http://www.nasdaq.com/symbol/cvg",
"CLGX","CoreLogic, Inc.","39.15","3531782808.9","n/a","n/a","Technology","EDP Services","http://www.nasdaq.com/symbol/clgx",
"CSOD","Cornerstone OnDemand, Inc.","32.39","1747067755.88","n/a","2011","Technology","Computer Software: Prepackaged Software","http://www.nasdaq.com/symbol/csod",
"CPAH","CounterPath Corporation","0.6393","27064091.0385","n/a","n/a","Technology","Computer Software: Prepackaged Software","http://www.nasdaq.com/symbol/cpah",
"COVR","Cover-All Technologies Inc.","1.03","27813338.23","n/a","n/a","Technology","Computer Software: Prepackaged Software","http://www.nasdaq.com/symbol/covr",
"COVS","Covisint Corporation","2.82","110064600","n/a","2013","Technology","EDP Services","http://www.nasdaq.com/symbol/covs",
"CRAY","Cray Inc","31.05","1267486057.35","n/a","n/a","Technology","Computer Manufacturing","http://www.nasdaq.com/symbol/cray",
"CREE","Cree, Inc.","30.51","3329098344.9","n/a","1993","Technology","Semiconductors","http://www.nasdaq.com/symbol/cree",
"CRTO","Criteo S.A.","47.22","2419399335","51236750","2013","Technology","Advertising","http://www.nasdaq.com/symbol/crto",
"CCRN","Cross Country Healthcare, Inc.","10.45","336143258.55","n/a","2001","Technology","Professional Services","http://www.nasdaq.com/symbol/ccrn",
"CRDS","Crossroads Systems, Inc.","2.058","39463502.106","n/a","1999","Technology","Computer peripheral equipment","http://www.nasdaq.com/symbol/crds",
"CSGS","CSG Systems International, Inc.","31.92","1045382106.72","n/a","1996","Technology","EDP Services","http://www.nasdaq.com/symbol/csgs",
"CSPI","CSP Inc.","7.07","25983098.4","n/a","1982","Technology","EDP Services","http://www.nasdaq.com/symbol/cspi",
"CSRE","CSR plc","53.84","27022511.36","501904","n/a","Technology","Semiconductors","http://www.nasdaq.com/symbol/csre",
"CTP","CTPartners Executive Search Inc.","2.67","23369420.64","n/a","2010","Technology","Diversified Commercial Services","http://www.nasdaq.com/symbol/ctp",
"CTS","CTS Corporation","19.07","633071233.31","n/a","n/a","Technology","Electrical Products","http://www.nasdaq.com/symbol/cts",
"CW","Curtiss-Wright Corporation","72.38","3442045303.62","n/a","n/a","Technology","Industrial Machinery/Components","http://www.nasdaq.com/symbol/cw",
"CVV","CVD Equipment Corporation","10.57","65211371.89","n/a","n/a","Technology","Industrial Machinery/Components","http://www.nasdaq.com/symbol/cvv",
"CVT","CVENT, INC.","26.23","1090142485.69","n/a","1987","Technology","Computer Software: Prepackaged Software","http://www.nasdaq.com/symbol/cvt",
"CYNI","Cyan, Inc.","5.28","255792150.24","n/a","2013","Technology","EDP Services","http://www.nasdaq.com/symbol/cyni",
"CYBR","CyberArk Software Ltd.","62.11","1914225231.2","n/a","2014","Technology","Computer Software: Prepackaged Software","http://www.nasdaq.com/symbol/cybr",
"CY","Cypress Semiconductor Corporation","13.605","4515636624.795","n/a","1986","Technology","Semiconductors","http://www.nasdaq.com/symbol/cy",
"CYRN","CYREN Ltd.","2.29","71898763.6","n/a","n/a","Technology","Computer Software: Prepackaged Software","http://www.nasdaq.com/symbol/cyrn",
"DAEG","Daegis Inc","0.674","11043115.256","n/a","n/a","Technology","Computer Software: Prepackaged Software","http://www.nasdaq.com/symbol/daeg",
"DQ","DAQO New Energy Corp.","22.55","201667220.7","n/a","2010","Technology","Semiconductors","http://www.nasdaq.com/symbol/dq",
"DTLK","Datalink Corporation","9.33","217545548.07","n/a","1999","Technology","EDP Services","http://www.nasdaq.com/symbol/dtlk",
"DRAM","Dataram Corporation","2.083","5678282.996","n/a","n/a","Technology","Electronic Components","http://www.nasdaq.com/symbol/dram",
"DWCH","Datawatch Corporation","7.38","84436447.14","n/a","1992","Technology","Computer Software: Prepackaged Software","http://www.nasdaq.com/symbol/dwch",
"TRAK","Dealertrack Technologies, Inc.","40.54","2221299220.12","n/a","2005","Technology","EDP Services","http://www.nasdaq.com/symbol/trak",
"DMD","Demand Media Inc.","5.7","112880178","n/a","2011","Technology","EDP Services","http://www.nasdaq.com/symbol/dmd",
"DWRE","DEMANDWARE, INC.","60.72","2272452132.72","n/a","2012","Technology","EDP Services","http://www.nasdaq.com/symbol/dwre",
"DGII","Digi International Inc.","9.61","239546701.76","n/a","1989","Technology","Computer Communications Equipment","http://www.nasdaq.com/symbol/dgii",
"DMRC","Digimarc Corporation","29.8","254615789.2","n/a","n/a","Technology","EDP Services","http://www.nasdaq.com/symbol/dmrc",
"DGLY","Digital Ally, Inc.","14.55","58506553.95","n/a","n/a","Technology","Radio And Television Broadcasting And Communications Equipment","http://www.nasdaq.com/symbol/dgly",
"DIOD","Diodes Incorporated","26.03","1248785709.92","n/a","n/a","Technology","Semiconductors","http://www.nasdaq.com/symbol/diod",
"DLHC","DLH Holdings Corp.","2.18","20820168.48","n/a","n/a","Technology","Professional Services","http://www.nasdaq.com/symbol/dlhc",
"DSS","Document Security Systems, Inc.","0.29","13427697.16","n/a","n/a","Technology","EDP Services","http://www.nasdaq.com/symbol/dss",
"DLB","Dolby Laboratories","39.49","4056252431.11","n/a","2005","Technology","Radio And Television Broadcasting And Communications Equipment","http://www.nasdaq.com/symbol/dlb",
"HILL","Dot Hill Systems Corporation","7.06","432194476.88","n/a","n/a","Technology","Electronic Components","http://www.nasdaq.com/symbol/hill",
"DOV","Dover Corporation","75.81","12158598310.53","n/a","n/a","Technology","Industrial Machinery/Components","http://www.nasdaq.com/symbol/dov",
"DSPG","DSP Group, Inc.","11.23","251086830.94","n/a","1994","Technology","Semiconductors","http://www.nasdaq.com/symbol/dspg",
"DST","DST Systems, Inc.","118.79","4359348886.55","n/a","1995","Technology","EDP Services","http://www.nasdaq.com/symbol/dst",
"ELNK","EarthLink Holdings Corp.","7.07","728833079.1","n/a","n/a","Technology","Computer Software: Programming, Data Processing","http://www.nasdaq.com/symbol/elnk",
"ETN","Eaton Corporation, PLC","72.35","33794685000","n/a","n/a","Technology","Industrial Machinery/Components","http://www.nasdaq.com/symbol/etn",
"EBIX","Ebix, Inc.","35.26","1233467012.48","n/a","n/a","Technology","EDP Services","http://www.nasdaq.com/symbol/ebix",
"ELON","Echelon Corporation","0.9234","40677764.544","n/a","1998","Technology","Computer Communications Equipment","http://www.nasdaq.com/symbol/elon",
"SATS","EchoStar Corporation","51.01","4703825580.93","n/a","n/a","Technology","Radio And Television Broadcasting And Communications Equipment","http://www.nasdaq.com/symbol/sats",
"EDGW","Edgewater Technology, Inc.","7.11","82510120.89","n/a","n/a","Technology","Computer Software: Programming, Data Processing","http://www.nasdaq.com/symbol/edgw",
"EFUT","eFuture Information Technology Inc.","5.55","22163236.8","n/a","n/a","Technology","EDP Services","http://www.nasdaq.com/symbol/efut",
"EGAN","eGain Corporation","4.95","132507203.4","n/a","1999","Technology","Computer Software: Prepackaged Software","http://www.nasdaq.com/symbol/egan",
"ELRC","Electro Rent Corporation","10.46","252142442.16","n/a","n/a","Technology","Diversified Commercial Services","http://www.nasdaq.com/symbol/elrc",
"EA","Electronic Arts Inc.","62.975","19812461093.15","n/a","n/a","Technology","Computer Software: Prepackaged Software","http://www.nasdaq.com/symbol/ea",
"EFII","Electronics for Imaging, Inc.","43.3","2029970249","n/a","1992","Technology","Computer Communications Equipment","http://www.nasdaq.com/symbol/efii",
"ELLI","Ellie Mae, Inc.","63.83","1876930086.2","n/a","2011","Technology","Computer Software: Prepackaged Software","http://www.nasdaq.com/symbol/elli",
"ELTK","Eltek Ltd.","1","10142762","n/a","1997","Technology","Electrical Products","http://www.nasdaq.com/symbol/eltk",
"EMAN","eMagin Corporation","3.23","81450286.61","n/a","n/a","Technology","Semiconductors","http://www.nasdaq.com/symbol/eman",
"EMC","EMC Corporation","26.62","51697668159.06","n/a","n/a","Technology","Electronic Components","http://www.nasdaq.com/symbol/emc",
"EMKR","EMCORE Corporation","6.46","208635299.56","n/a","1997","Technology","Semiconductors","http://www.nasdaq.com/symbol/emkr",
"EIGI","Endurance International Group Holdings, Inc.","20.4","2701197313.2","n/a","2013","Technology","Computer Software: Prepackaged Software","http://www.nasdaq.com/symbol/eigi",
"WATT","Energous Corporation","8.29","106866331.97","n/a","2014","Technology","Radio And Television Broadcasting And Communications Equipment","http://www.nasdaq.com/symbol/watt",
"ERII","Energy Recovery, Inc.","2.7","140481963.9","n/a","2008","Technology","Industrial Machinery/Components","http://www.nasdaq.com/symbol/erii",
"ENOC","EnerNOC, Inc.","9.91","301093993.95","n/a","2007","Technology","Computer Software: Programming, Data Processing","http://www.nasdaq.com/symbol/enoc",
"ENPH","Enphase Energy, Inc.","9.77","431402068.3","n/a","2012","Technology","Semiconductors","http://www.nasdaq.com/symbol/enph",
"ENVI","Envivio, Inc.","1.73","48798170.55","n/a","2012","Technology","Radio And Television Broadcasting And Communications Equipment","http://www.nasdaq.com/symbol/envi",
"EPAM","EPAM Systems, Inc.","71.49","3496220094.27","n/a","2012","Technology","EDP Services","http://www.nasdaq.com/symbol/epam",
"EPIQ","EPIQ Systems, Inc.","16.89","629756401.95","n/a","1997","Technology","EDP Services","http://www.nasdaq.com/symbol/epiq",
"PLUS","ePlus inc.","79.17","585037086.27","n/a","1996","Technology","Retail: Computer Software & Peripheral Equipment","http://www.nasdaq.com/symbol/plus",
"ERIC","Ericsson","11.335","2642713469.19","233146314","n/a","Technology","Radio And Television Broadcasting And Communications Equipment","http://www.nasdaq.com/symbol/eric",
"EVTC","Evertec, Inc.","22.55","1746339740.2","n/a","2013","Technology","EDP Services","http://www.nasdaq.com/symbol/evtc",
"EVOL","Evolving Systems, Inc.","8.9","103902133.3","n/a","1998","Technology","EDP Services","http://www.nasdaq.com/symbol/evol",
"EXA","Exa Corporation","11.14","161419658.3","n/a","2012","Technology","Computer Software: Prepackaged Software","http://www.nasdaq.com/symbol/exa",
"EXAR","Exar Corporation","10.68","506694743.04","n/a","1985","Technology","Semiconductors","http://www.nasdaq.com/symbol/exar",
"EXH","Exterran Holdings, Inc.","33.86","2350247791.84","n/a","n/a","Technology","Diversified Commercial Services","http://www.nasdaq.com/symbol/exh",
"EXTR","Extreme Networks, Inc.","2.695","269644007.325","n/a","1999","Technology","Computer Communications Equipment","http://www.nasdaq.com/symbol/extr",
"EZCH","EZchip Semiconductor Limited","16.62","497826538.44","n/a","n/a","Technology","Computer Communications Equipment","http://www.nasdaq.com/symbol/ezch",
"FFIV","F5 Networks, Inc.","125.26","9010251797.7","n/a","1999","Technology","Computer Communications Equipment","http://www.nasdaq.com/symbol/ffiv",
"FB","Facebook, Inc.","80.445","225908564809.47","n/a","2012","Technology","Computer Software: Programming, Data Processing","http://www.nasdaq.com/symbol/fb",
"FDS","FactSet Research Systems Inc.","166.44","6951535203.72","n/a","1996","Technology","Computer Software: Programming, Data Processing","http://www.nasdaq.com/symbol/fds",
"FCS","Fairchild Semiconductor International, Inc.","19.59","2280922450.41","n/a","1999","Technology","Semiconductors","http://www.nasdaq.com/symbol/fcs",
"FALC","FalconStor Software, Inc.","1.44","59046145.92","n/a","n/a","Technology","Computer Software: Prepackaged Software","http://www.nasdaq.com/symbol/falc",
"FNSR","Finisar Corporation","22.23","2309992681.23","n/a","1999","Technology","Semiconductors","http://www.nasdaq.com/symbol/fnsr",
"FEYE","FireEye, Inc.","47.01","7349074099.17","n/a","2013","Technology","Computer peripheral equipment","http://www.nasdaq.com/symbol/feye",
"FSLR","First Solar, Inc.","50.95","5136813696.95","n/a","2006","Technology","Semiconductors","http://www.nasdaq.com/symbol/fslr",
"FISV","Fiserv, Inc.","80.47","19054371802.05","n/a","1986","Technology","EDP Services","http://www.nasdaq.com/symbol/fisv",
"FIVN","Five9, Inc.","5.1","254169199.8","n/a","2014","Technology","EDP Services","http://www.nasdaq.com/symbol/fivn",
"FLTX","Fleetmatics Group PLC","43.09","1647142612.15","n/a","2012","Technology","Computer Software: Prepackaged Software","http://www.nasdaq.com/symbol/fltx",
"FLEX","Flextronics International Ltd.","12.1","6824328924.6","n/a","1994","Technology","Electrical Products","http://www.nasdaq.com/symbol/flex",
"FORM","FormFactor, Inc.","9.22","530909976.94","n/a","2003","Technology","Semiconductors","http://www.nasdaq.com/symbol/form",
"FORTY","Formula Systems (1985) Ltd.","29.61","8196817.86","276826","n/a","Technology","EDP Services","http://www.nasdaq.com/symbol/forty",
"FTNT","Fortinet, Inc.","39.73","6736738466.76","n/a","2009","Technology","Computer peripheral equipment","http://www.nasdaq.com/symbol/ftnt",
"FSL","Freescale Semiconductor, Ltd.","44.39","13697836458.7","n/a","2011","Technology","Semiconductors","http://www.nasdaq.com/symbol/fsl",
"JOB","General Employment Enterprises, Inc.","1.08","33364455.12","n/a","n/a","Technology","Diversified Commercial Services","http://www.nasdaq.com/symbol/job",
"GIGM","GigaMedia Limited","0.7044","38926314.0084","n/a","n/a","Technology","Computer Software: Programming, Data Processing","http://www.nasdaq.com/symbol/gigm",
"GIMO","Gigamon Inc.","31.85","1056789306.3","n/a","2013","Technology","EDP Services","http://www.nasdaq.com/symbol/gimo",
"GIG","GigOptix, Inc.","1.46","47622202.62","n/a","n/a","Technology","Semiconductors","http://www.nasdaq.com/symbol/gig",
"GILT","Gilat Satellite Networks Ltd.","5.67","244059757.83","n/a","n/a","Technology","Radio And Television Broadcasting And Communications Equipment","http://www.nasdaq.com/symbol/gilt",
"GSB","GlobalSCAPE, Inc.","3.17","65816129.62","n/a","n/a","Technology","Computer Software: Prepackaged Software","http://www.nasdaq.com/symbol/gsb",
"GLOB","Globant S.A.","26.25","887131166.25","n/a","2014","Technology","EDP Services","http://www.nasdaq.com/symbol/glob",
"GLUU","Glu Mobile Inc.","6.53","785780491.07","n/a","2007","Technology","EDP Services","http://www.nasdaq.com/symbol/gluu",
"GDDY","GoDaddy Inc.","27.63","4291805670.21","n/a","2015","Technology","EDP Services","http://www.nasdaq.com/symbol/gddy",
"GOOG","Google Inc.","539.18","368447202605.8","n/a","2004","Technology","Computer Software: Programming, Data Processing","http://www.nasdaq.com/symbol/goog",
"GOOGL","Google Inc.","553.95","378540242374.5","n/a","n/a","Technology","Computer Software: Programming, Data Processing","http://www.nasdaq.com/symbol/googl",
"GHM","Graham Corporation","20.98","212471635.16","n/a","n/a","Technology","Industrial Machinery/Components","http://www.nasdaq.com/symbol/ghm",
"GRPN","Groupon, Inc.","6.03","4080401902.98","n/a","2011","Technology","Advertising","http://www.nasdaq.com/symbol/grpn",
"GVP","GSE Systems, Inc.","1.64","29336088.76","n/a","n/a","Technology","Computer Software: Prepackaged Software","http://www.nasdaq.com/symbol/gvp",
"GSIT","GSI Technology, Inc.","5.14","120207021.2","n/a","2007","Technology","Semiconductors","http://www.nasdaq.com/symbol/gsit",
"GUID","Guidance Software, Inc.","7.1","214824700","n/a","2006","Technology","Computer Software: Prepackaged Software","http://www.nasdaq.com/symbol/guid",
"GWRE","Guidewire Software, Inc.","47.4","3325670125.8","n/a","2012","Technology","Computer Software: Prepackaged Software","http://www.nasdaq.com/symbol/gwre",
"HQCL","Hanwha Q CELLS Co., Ltd. ","1.76","96826840","55015250","n/a","Technology","Semiconductors","http://www.nasdaq.com/symbol/hqcl",
"HLIT","Harmonic Inc.","6.88","609106785.44","n/a","1995","Technology","Radio And Television Broadcasting And Communications Equipment","http://www.nasdaq.com/symbol/hlit",
"HHS","Harte-Hanks, Inc.","6.26","388124125.34","n/a","1993","Technology","Advertising","http://www.nasdaq.com/symbol/hhs",
"HSTM","HealthStream, Inc.","28.95","916593969.15","n/a","2000","Technology","Computer Software: Programming, Data Processing","http://www.nasdaq.com/symbol/hstm",
"HSII","Heidrick & Struggles International, Inc.","25.65","469898253","n/a","1999","Technology","Diversified Commercial Services","http://www.nasdaq.com/symbol/hsii",
"HPQ","Hewlett-Packard Company","33.88","61578889772.4","n/a","n/a","Technology","Computer Manufacturing","http://www.nasdaq.com/symbol/hpq",
"HIMX","Himax Technologies, Inc.","6.51","669195300.27","102794977","2006","Technology","Semiconductors","http://www.nasdaq.com/symbol/himx",
"AWAY","HomeAway, Inc.","30.02","2849713163.08","n/a","2011","Technology","EDP Services","http://www.nasdaq.com/symbol/away",
"HDP","Hortonworks, Inc.","25.54","1102719918.14","n/a","2014","Technology","Computer Software: Prepackaged Software","http://www.nasdaq.com/symbol/hdp",
"HUBS","HubSpot, Inc.","48.87","1616677413.21","n/a","2014","Technology","Computer Software: Prepackaged Software","http://www.nasdaq.com/symbol/hubs",
"HSON","Hudson Global, Inc.","2.22","75622195.44","n/a","n/a","Technology","Professional Services","http://www.nasdaq.com/symbol/hson",
"INVE","Identiv, Inc.","6.47","69578625.86","n/a","n/a","Technology","Computer peripheral equipment","http://www.nasdaq.com/symbol/inve",
"DSKY","iDreamSky Technology Limited","10.81","142382509.7","13171370","2014","Technology","Computer Software: Prepackaged Software","http://www.nasdaq.com/symbol/dsky",
"IEC","IEC Electronics Corp.","4.51","45913189.08","n/a","n/a","Technology","Electrical Products","http://www.nasdaq.com/symbol/iec",
"IGTE","iGATE Corporation","47.68","3859046312.32","n/a","n/a","Technology","EDP Services","http://www.nasdaq.com/symbol/igte",
"IHS","IHS Inc.","122.47","8425632029.46","n/a","2005","Technology","Computer Software: Programming, Data Processing","http://www.nasdaq.com/symbol/ihs",
"ITW","Illinois Tool Works Inc.","94.61","34787269824.77","n/a","n/a","Technology","Industrial Machinery/Components","http://www.nasdaq.com/symbol/itw",
"IMN","Imation Corporation","4.66","198980103.38","n/a","n/a","Technology","Electronic Components","http://www.nasdaq.com/symbol/imn",
"IMMR","Immersion Corporation","12.22","342352538.32","n/a","1999","Technology","Computer peripheral equipment","http://www.nasdaq.com/symbol/immr",
"IMPV","Imperva, Inc.","59.07","1807344883.41","n/a","2011","Technology","Computer Software: Prepackaged Software","http://www.nasdaq.com/symbol/impv",
"IMPR","Imprivata, Inc.","15.5","373285833.5","n/a","2014","Technology","Computer Software: Prepackaged Software","http://www.nasdaq.com/symbol/impr",
"IMS","IMS Health Holdings, Inc.","29.81","9758725699.03","n/a","2014","Technology","EDP Services","http://www.nasdaq.com/symbol/ims",
"SAAS","inContact, Inc.","9.3","571831936.5","n/a","n/a","Technology","Computer Software: Prepackaged Software","http://www.nasdaq.com/symbol/saas",
"BLOX","Infoblox Inc.","26.04","1475436060.84","n/a","2012","Technology","EDP Services","http://www.nasdaq.com/symbol/blox",
"INFA","Informatica Corporation","48.47","5055954170","n/a","1999","Technology","Computer Software: Prepackaged Software","http://www.nasdaq.com/symbol/infa",
"INFY","Infosys Limited","31.82","36544389604.24","n/a","n/a","Technology","EDP Services","http://www.nasdaq.com/symbol/infy",
"IM","Ingram Micro Inc.","26.73","4177059250.32","n/a","1996","Technology","Retail: Computer Software & Peripheral Equipment","http://www.nasdaq.com/symbol/im",
"INOD","Innodata Inc.","2.78","70437602.26","n/a","1993","Technology","EDP Services","http://www.nasdaq.com/symbol/inod",
"ISSC","Innovative Solutions and Support, Inc.","3.35","56580287.3","n/a","2000","Technology","EDP Services","http://www.nasdaq.com/symbol/issc",
"INOV","Inovalon Holdings, Inc.","27.17","4011822295.91","n/a","2015","Technology","EDP Services","http://www.nasdaq.com/symbol/inov",
"IPHI","Inphi Corporation","24.13","924046839.99","n/a","2010","Technology","Semiconductors","http://www.nasdaq.com/symbol/iphi",
"NSP","Insperity, Inc.","53.37","1361167799.94","n/a","n/a","Technology","Professional Services","http://www.nasdaq.com/symbol/nsp",
"IDTI","Integrated Device Technology, Inc.","23.99","3559031867.91","n/a","1984","Technology","Semiconductors","http://www.nasdaq.com/symbol/idti",
"ISSI","Integrated Silicon Solution, Inc.","20.79","660334183.74","n/a","1995","Technology","Semiconductors","http://www.nasdaq.com/symbol/issi",
"INTC","Intel Corporation","33.27","157832880000","n/a","n/a","Technology","Semiconductors","http://www.nasdaq.com/symbol/intc",
"IDN","Intellicheck Mobilisa, Inc.","1.43","14065407.07","n/a","1999","Technology","Computer Software: Prepackaged Software","http://www.nasdaq.com/symbol/idn",
"ININ","Interactive Intelligence Group, Inc.","43.95","946958654.4","n/a","1999","Technology","Computer Software: Prepackaged Software","http://www.nasdaq.com/symbol/inin",
"IMI","Intermolecular, Inc.","1.89","91430273.34","n/a","2011","Technology","Semiconductors","http://www.nasdaq.com/symbol/imi",
"INAP","Internap Corporation","9.47","520560094.89","n/a","1999","Technology","Computer Software: Programming, Data Processing","http://www.nasdaq.com/symbol/inap",
"IBM","International Business Machines Corporation","169.65","167060134466.55","n/a","n/a","Technology","Computer Manufacturing","http://www.nasdaq.com/symbol/ibm",
"IIJI","Internet Initiative Japan, Inc.","8.21","18232735.16","2220796","n/a","Technology","Computer Software: Programming, Data Processing","http://www.nasdaq.com/symbol/iiji",
"INPH","Interphase Corporation","0.72","6043666.32","n/a","1984","Technology","Computer Communications Equipment","http://www.nasdaq.com/symbol/inph",
"IPG","Interpublic Group of Companies, Inc. (The)","20.52","8473474073.16","n/a","n/a","Technology","Advertising","http://www.nasdaq.com/symbol/ipg",
"INTX","Intersections, Inc.","3.46","69265155.26","n/a","2004","Technology","EDP Services","http://www.nasdaq.com/symbol/intx",
"ISIL","Intersil Corporation","13.17","1736188707.03","n/a","2000","Technology","Semiconductors","http://www.nasdaq.com/symbol/isil",
"INXN","InterXion Holding N.V.","30.9","2149373100","n/a","2011","Technology","Computer Software: Programming, Data Processing","http://www.nasdaq.com/symbol/inxn",
"IVAC","Intevac, Inc.","5.37","122609923.56","n/a","1995","Technology","Industrial Machinery/Components","http://www.nasdaq.com/symbol/ivac",
"IL","IntraLinks Holdings, Inc.","10.92","626427689.16","n/a","2010","Technology","Computer Software: Prepackaged Software","http://www.nasdaq.com/symbol/il",
"INTU","Intuit Inc.","106.215","29280167752.47","n/a","1993","Technology","Computer Software: Prepackaged Software","http://www.nasdaq.com/symbol/intu",
"INVN","InvenSense, Inc.","14.09","1282598610","n/a","2011","Technology","Semiconductors","http://www.nasdaq.com/symbol/invn",
"IPAS","iPass Inc.","1.1","72120516.6","n/a","2003","Technology","EDP Services","http://www.nasdaq.com/symbol/ipas",
"IPGP","IPG Photonics Corporation","96.68","5088129664.2","n/a","2006","Technology","Semiconductors","http://www.nasdaq.com/symbol/ipgp",
"IXYS","IXYS Corporation","12.31","389601134.98","n/a","n/a","Technology","Semiconductors","http://www.nasdaq.com/symbol/ixys",
"JCOM","j2 Global, Inc.","66.46","3203813161.48","n/a","1999","Technology","Telecommunications Equipment","http://www.nasdaq.com/symbol/jcom",
"JASO","JA Solar Holdings, Co., Ltd.","8.25","356873261.25","43257365","2007","Technology","Semiconductors","http://www.nasdaq.com/symbol/jaso",
"JBL","Jabil Circuit, Inc.","23.97","4644475763.22","n/a","1993","Technology","Electrical Products","http://www.nasdaq.com/symbol/jbl",
"JKHY","Jack Henry & Associates, Inc.","65.1","5323593838.5","n/a","1985","Technology","EDP Services","http://www.nasdaq.com/symbol/jkhy",
"JDSU","JDS Uniphase Corporation","12.91","3022840803.85","n/a","n/a","Technology","Semiconductors","http://www.nasdaq.com/symbol/jdsu",
"DATE","Jiayuan.com International Ltd.","8.15","100107721.4","12283156","2011","Technology","EDP Services","http://www.nasdaq.com/symbol/date",
"JKS","JinkoSolar Holding Company Limited","29","901788553","n/a","2010","Technology","Semiconductors","http://www.nasdaq.com/symbol/jks",
"JIVE","Jive Software, Inc.","5.6","418981046.4","n/a","2011","Technology","EDP Services","http://www.nasdaq.com/symbol/jive",
"JBT","John Bean Technologies Corporation","37.48","1095392016.68","n/a","n/a","Technology","Industrial Machinery/Components","http://www.nasdaq.com/symbol/jbt",
"JNPR","Juniper Networks, Inc.","27.25","10759301900.75","n/a","1999","Technology","Computer Communications Equipment","http://www.nasdaq.com/symbol/jnpr",
"KAI","Kadant Inc","46.99","515315177.14","n/a","n/a","Technology","Industrial Machinery/Components","http://www.nasdaq.com/symbol/kai",
"KELYA","Kelly Services, Inc.","15.27","576146826.99","n/a","n/a","Technology","Professional Services","http://www.nasdaq.com/symbol/kelya",
"KELYB","Kelly Services, Inc.","17.964","677793163.068","n/a","n/a","Technology","Professional Services","http://www.nasdaq.com/symbol/kelyb",
"KTEC","Key Technology, Inc.","12.714","79844072.568","n/a","1993","Technology","Industrial Machinery/Components","http://www.nasdaq.com/symbol/ktec",
"KTCC","Key Tronic Corporation","11.13","117440198.4","n/a","1983","Technology","Computer peripheral equipment","http://www.nasdaq.com/symbol/ktcc",
"KFRC","Kforce, Inc.","22.06","652800446.52","n/a","1995","Technology","Professional Services","http://www.nasdaq.com/symbol/kfrc",
"KE","Kimball Electronics, Inc.","15.73","458871611.77","n/a","n/a","Technology","Electrical Products","http://www.nasdaq.com/symbol/ke",
"KING","King Digital Entertainment plc","14.67","4626010308.42","n/a","2014","Technology","Computer Software: Prepackaged Software","http://www.nasdaq.com/symbol/king",
"KONE","Kingtone Wirelessinfo Solution Holding Ltd","4.2","3000375","714375","2010","Technology","EDP Services","http://www.nasdaq.com/symbol/kone",
"KZ","KongZhong Corporation","6.66","212815451.52","31954272","n/a","Technology","Telecommunications Equipment","http://www.nasdaq.com/symbol/kz",
"KOPN","Kopin Corporation","3.46","230075395.34","n/a","1992","Technology","Semiconductors","http://www.nasdaq.com/symbol/kopn",
"KFY","Korn/Ferry International","32.39","1632887434.8","n/a","1999","Technology","Diversified Commercial Services","http://www.nasdaq.com/symbol/kfy",
"KLIC","Kulicke and Soffa Industries, Inc.","13.21","1014789016.39","n/a","n/a","Technology","Semiconductors","http://www.nasdaq.com/symbol/klic",
"KVHI","KVH Industries, Inc.","12.68","203782841.36","n/a","1996","Technology","Radio And Television Broadcasting And Communications Equipment","http://www.nasdaq.com/symbol/kvhi",
"KYO","Kyocera Corporation","53.8","19737219285.6","n/a","n/a","Technology","Semiconductors","http://www.nasdaq.com/symbol/kyo",
"LLL","L-3 Communications Holdings, Inc.","117.59","9684720984.07","n/a","n/a","Technology","Radio And Television Broadcasting And Communications Equipment","http://www.nasdaq.com/symbol/lll",
"LRCX","Lam Research Corporation","83.28","13185335314.56","n/a","1984","Technology","Industrial Machinery/Components","http://www.nasdaq.com/symbol/lrcx",
"LTRX","Lantronix, Inc.","1.56","23309839.8","n/a","2000","Technology","Computer Communications Equipment","http://www.nasdaq.com/symbol/ltrx",
"LSCC","Lattice Semiconductor Corporation","6.3","735861098.7","n/a","n/a","Technology","Semiconductors","http://www.nasdaq.com/symbol/lscc",
"LDOS","Leidos Holdings, Inc.","42.67","3174243701.75","n/a","n/a","Technology","EDP Services","http://www.nasdaq.com/symbol/ldos",
"LXK","Lexmark International, Inc.","45.54","2791504316.7","n/a","1995","Technology","Computer Manufacturing","http://www.nasdaq.com/symbol/lxk",
"LTRPA","Liberty TripAdvisor Holdings, Inc.","28.07","2099457671.29","n/a","n/a","Technology","EDP Services","http://www.nasdaq.com/symbol/ltrpa",
"LTRPB","Liberty TripAdvisor Holdings, Inc.","32.12","2402371941.64","n/a","n/a","Technology","EDP Services","http://www.nasdaq.com/symbol/ltrpb",
"LOCK","LifeLock, Inc.","15.27","1441033763.31","n/a","2012","Technology","EDP Services","http://www.nasdaq.com/symbol/lock",
"LPTH","LightPath Technologies, Inc.","1.1","16758580.3","n/a","1996","Technology","Semiconductors","http://www.nasdaq.com/symbol/lpth",
"LECO","Lincoln Electric Holdings, Inc.","67.42","5096085383.32","n/a","n/a","Technology","Industrial Machinery/Components","http://www.nasdaq.com/symbol/leco",
"LLTC","Linear Technology Corporation","47.29","11324414859.28","n/a","1986","Technology","Semiconductors","http://www.nasdaq.com/symbol/lltc",
"LNKD","LinkedIn Corporation","204.81","25798794160.44","n/a","2011","Technology","Computer Software: Programming, Data Processing","http://www.nasdaq.com/symbol/lnkd",
"LIQT","LiqTech International, Inc.","0.68","26795251.76","n/a","n/a","Technology","Industrial Machinery/Components","http://www.nasdaq.com/symbol/liqt",
"LIQD","Liquid Holdings Group, Inc.","0.1995","12036308.8125","n/a","2013","Technology","Computer Software: Prepackaged Software","http://www.nasdaq.com/symbol/liqd",
"LIVE","LiveDeal, Inc.","2.78","44878521.34","n/a","n/a","Technology","EDP Services","http://www.nasdaq.com/symbol/live",
"LPSN","LivePerson, Inc.","9.58","546550017","n/a","2000","Technology","Computer Software: Prepackaged Software","http://www.nasdaq.com/symbol/lpsn",
"LOGI","Logitech International S.A.","16.25","2668787306.25","n/a","1997","Technology","Computer peripheral equipment","http://www.nasdaq.com/symbol/logi",
"LOGM","LogMein, Inc.","63.98","1575419399.54","n/a","2009","Technology","Computer Software: Prepackaged Software","http://www.nasdaq.com/symbol/logm",
"LOOK","LookSmart, Ltd.","0.675","3893974.425","n/a","1999","Technology","EDP Services","http://www.nasdaq.com/symbol/look",
"LORL","Loral Space and Communications, Inc.","67.02","2072250692.7","n/a","n/a","Technology","Radio And Television Broadcasting And Communications Equipment","http://www.nasdaq.com/symbol/lorl",
"LXFT","Luxoft Holding, Inc.","54.47","1789412762.15","n/a","2013","Technology","EDP Services","http://www.nasdaq.com/symbol/lxft",
"MTSI","M/A-COM Technology Solutions Holdings, Inc.","39.57","2082884829.03","n/a","2012","Technology","Semiconductors","http://www.nasdaq.com/symbol/mtsi",
"MGIC","Magic Software Enterprises Ltd.","6.66","294200285.22","n/a","1991","Technology","Computer Software: Prepackaged Software","http://www.nasdaq.com/symbol/mgic",
"MX","MagnaChip Semiconductor Corporation","7.18","244525440.24","n/a","2011","Technology","Semiconductors","http://www.nasdaq.com/symbol/mx",
"MNGA","MagneGas Corporation","1.26","47267808.84","n/a","n/a","Technology","Industrial Machinery/Components","http://www.nasdaq.com/symbol/mnga",
"COOL","Majesco Entertainment Company","1.36","9646140","n/a","n/a","Technology","Computer Software: Prepackaged Software","http://www.nasdaq.com/symbol/cool",
"MAMS","MAM Software Group, Inc.","5.65","80731985.55","n/a","n/a","Technology","Computer Software: Prepackaged Software","http://www.nasdaq.com/symbol/mams",
"MANH","Manhattan Associates, Inc.","54.87","4048464979.5","n/a","1998","Technology","Computer Software: Prepackaged Software","http://www.nasdaq.com/symbol/manh",
"MNTX","Manitex International, Inc.","8.13","130192559.85","n/a","n/a","Technology","Industrial Machinery/Components","http://www.nasdaq.com/symbol/mntx",
"MAN","ManpowerGroup","85.73","6706151578.62","n/a","n/a","Technology","Professional Services","http://www.nasdaq.com/symbol/man",
"MRIN","Marin Software Incorporated","6.11","221054728.7","n/a","2013","Technology","EDP Services","http://www.nasdaq.com/symbol/mrin",
"MKTO","Marketo, Inc.","29.82","1259587436.52","n/a","2013","Technology","Computer Software: Prepackaged Software","http://www.nasdaq.com/symbol/mkto",
"MRVL","Marvell Technology Group Ltd.","14.01","7263445734.33","n/a","2000","Technology","Semiconductors","http://www.nasdaq.com/symbol/mrvl",
"MTLS","Materialise NV","8.42","104531504.56","12414668","2014","Technology","Computer Software: Prepackaged Software","http://www.nasdaq.com/symbol/mtls",
"MTSN","Mattson Technology, Inc.","3.85","288235801.7","n/a","1994","Technology","Industrial Machinery/Components","http://www.nasdaq.com/symbol/mtsn",
"MXIM","Maxim Integrated Products, Inc.","34","9656024548","n/a","1988","Technology","Semiconductors","http://www.nasdaq.com/symbol/mxim",
"MXL","MaxLinear, Inc","10.11","387567486.93","n/a","2010","Technology","Semiconductors","http://www.nasdaq.com/symbol/mxl",
"MGRC","McGrath RentCorp","30.55","798853538.6","n/a","1984","Technology","Diversified Commercial Services","http://www.nasdaq.com/symbol/mgrc",
"MDCA","MDC Partners Inc.","20.91","1042431812.97","n/a","n/a","Technology","Advertising","http://www.nasdaq.com/symbol/mdca",
"MDAS","MedAssets, Inc.","21.17","1277920699","n/a","2007","Technology","Computer Software: Prepackaged Software","http://www.nasdaq.com/symbol/mdas",
"MTBC","Medical Transcription Billing, Corp.","2.08","22899766.24","n/a","2014","Technology","Computer Software: Prepackaged Software","http://www.nasdaq.com/symbol/mtbc",
"MDSO","Medidata Solutions, Inc.","55.9","3089967306.4","n/a","2009","Technology","Computer Software: Prepackaged Software","http://www.nasdaq.com/symbol/mdso",
"MLNX","Mellanox Technologies, Ltd.","49.59","2276936999.55","n/a","2007","Technology","Semiconductors","http://www.nasdaq.com/symbol/mlnx",
"MENT","Mentor Graphics Corporation","26.53","3080909188.21","n/a","1984","Technology","EDP Services","http://www.nasdaq.com/symbol/ment",
"MRGE","Merge Healthcare Incorporated.","4.5","443947531.5","n/a","1998","Technology","EDP Services","http://www.nasdaq.com/symbol/mrge",
"MERU","Meru Networks, Inc.","1.61","39097769.69","n/a","2010","Technology","Computer Communications Equipment","http://www.nasdaq.com/symbol/meru",
"MCRL","Micrel, Incorporated","13.94","792703229.92","n/a","1994","Technology","Semiconductors","http://www.nasdaq.com/symbol/mcrl",
"MCHP","Microchip Technology Incorporated","48.285","9769176919.125","n/a","1993","Technology","Semiconductors","http://www.nasdaq.com/symbol/mchp",
"MU","Micron Technology, Inc.","27.79","30056004047.72","n/a","n/a","Technology","Semiconductors","http://www.nasdaq.com/symbol/mu",
"MSCC","Microsemi Corporation","36.08","3433967975.68","n/a","n/a","Technology","Semiconductors","http://www.nasdaq.com/symbol/mscc",
"MSFT","Microsoft Corporation","46.92","379562871996.84","n/a","1986","Technology","Computer Software: Prepackaged Software","http://www.nasdaq.com/symbol/msft",
"MSTR","MicroStrategy Incorporated","175.88","1992023387.56","n/a","1998","Technology","Computer Software: Prepackaged Software","http://www.nasdaq.com/symbol/mstr",
"MM","Millennial Media, Inc.","1.69","236698280.26","n/a","2012","Technology","Advertising","http://www.nasdaq.com/symbol/mm",
"MNDO","MIND C.T.I. Ltd.","2.6","49904186.8","n/a","n/a","Technology","EDP Services","http://www.nasdaq.com/symbol/mndo",
"MIND","Mitcham Industries, Inc.","4.25","51357238","n/a","1994","Technology","Diversified Commercial Services","http://www.nasdaq.com/symbol/mind",
"MITK","Mitek Systems, Inc.","3.61","110932733.29","n/a","n/a","Technology","Computer peripheral equipment","http://www.nasdaq.com/symbol/mitk",
"MITL","Mitel Networks Corporation","9.31","1117250944.32","n/a","n/a","Technology","Radio And Television Broadcasting And Communications Equipment","http://www.nasdaq.com/symbol/mitl",
"MIXT","MiX Telematics Limited","7.62","241657022.4","n/a","2013","Technology","Computer Software: Prepackaged Software","http://www.nasdaq.com/symbol/mixt",
"MOBL","MobileIron, Inc.","6.04","471070985.4","n/a","2014","Technology","Computer Software: Prepackaged Software","http://www.nasdaq.com/symbol/mobl",
"MBLY","Mobileye N.V.","46.12","9993990141.56","n/a","2014","Technology","Computer Software: Prepackaged Software","http://www.nasdaq.com/symbol/mbly",
"MODN","Model N, Inc.","11.54","302901446.86","n/a","2013","Technology","Computer Software: Programming, Data Processing","http://www.nasdaq.com/symbol/modn",
"MDSY","ModSys International Ltd.","2.12","37942377.76","n/a","n/a","Technology","EDP Services","http://www.nasdaq.com/symbol/mdsy",
"MOKO","Moko Social Media Ltd.","4.2","1330463.4","316777","2014","Technology","Computer Software: Programming, Data Processing","http://www.nasdaq.com/symbol/moko",
"MOMO","Momo Inc.","17.05","313720000","18400000","2014","Technology","Computer Software: Prepackaged Software","http://www.nasdaq.com/symbol/momo",
"MPWR","Monolithic Power Systems, Inc.","54.38","2149624542.2","n/a","2004","Technology","Semiconductors","http://www.nasdaq.com/symbol/mpwr",
"TYPE","Monotype Imaging Holdings Inc.","25.4","1016900912.6","n/a","2007","Technology","EDP Services","http://www.nasdaq.com/symbol/type",
"MWW","Monster Worldwide, Inc.","6.26","569677020.94","n/a","n/a","Technology","Professional Services","http://www.nasdaq.com/symbol/mww",
"MOG/A","Moog Inc.","69.17","0","n/a","n/a","Technology","Industrial Machinery/Components","http://www.nasdaq.com/symbol/mog/a",
"MOSY","MoSys, Inc.","2.16","139644211.68","n/a","2001","Technology","Semiconductors","http://www.nasdaq.com/symbol/mosy",
"MSI","Motorola Solutions, Inc.","59.19","12485680004.91","n/a","n/a","Technology","Radio And Television Broadcasting And Communications Equipment","http://www.nasdaq.com/symbol/msi",
"MRVC","MRV Communications, Inc.","9.57","66752376.9","n/a","1992","Technology","Semiconductors","http://www.nasdaq.com/symbol/mrvc",
"MFLX","Multi-Fineline Electronix, Inc.","25.39","618146209.5","n/a","2004","Technology","Electrical Products","http://www.nasdaq.com/symbol/mflx",
"NATI","National Instruments Corporation","30.08","3854798654.08","n/a","1995","Technology","Computer Software: Prepackaged Software","http://www.nasdaq.com/symbol/nati",
"NCIT","NCI, Inc.","10.47","136354537.32","n/a","2005","Technology","EDP Services","http://www.nasdaq.com/symbol/ncit",
"NEFF","Neff Corporation","10.24","260380825.6","n/a","2014","Technology","Diversified Commercial Services","http://www.nasdaq.com/symbol/neff",
"NPTN","NeoPhotonics Corporation","8.97","348677740.71","n/a","2011","Technology","Semiconductors","http://www.nasdaq.com/symbol/nptn",
"NETE","Net Element, Inc.","0.58","26788437.96","n/a","n/a","Technology","EDP Services","http://www.nasdaq.com/symbol/nete",
"NTAP","NetApp, Inc.","33.335","10392450129.86","n/a","1995","Technology","Electronic Components","http://www.nasdaq.com/symbol/ntap",
"NLST","Netlist, Inc.","0.55","27694899.65","n/a","2006","Technology","Semiconductors","http://www.nasdaq.com/symbol/nlst",
"NTCT","NetScout Systems, Inc.","39.33","1603158801.57","n/a","1999","Technology","EDP Services","http://www.nasdaq.com/symbol/ntct",
"NTWK","NetSol Technologies Inc.","5.54","56582424.36","n/a","n/a","Technology","Computer Software: Prepackaged Software","http://www.nasdaq.com/symbol/ntwk",
"N","Netsuite Inc","92.2","7153536152","n/a","2007","Technology","Computer Software: Prepackaged Software","http://www.nasdaq.com/symbol/n",
"NTIP","Network-1 Technologies, Inc.","2.25","52739291.25","n/a","n/a","Technology","Computer Software: Prepackaged Software","http://www.nasdaq.com/symbol/ntip",
"NEWR","New Relic, Inc.","31.93","1507800024.57","n/a","2014","Technology","Computer Software: Prepackaged Software","http://www.nasdaq.com/symbol/newr",
"NICE","NICE-Systems Limited","63.3","2388269500.8","37729376","n/a","Technology","Computer Manufacturing","http://www.nasdaq.com/symbol/nice",
"NMBL","Nimble Storage, Inc.","25.89","2016154986.21","n/a","2013","Technology","Electronic Components","http://www.nasdaq.com/symbol/nmbl",
"NOK","Nokia Corporation","7.33","26961070739.51","n/a","1994","Technology","Radio And Television Broadcasting And Communications Equipment","http://www.nasdaq.com/symbol/nok",
"NQ","NQ Mobile Inc.","4.54","393488587.3","n/a","2011","Technology","Computer Software: Prepackaged Software","http://www.nasdaq.com/symbol/nq",
"DCM","NTT DOCOMO, Inc","18.79","73872582574.95","n/a","n/a","Technology","Radio And Television Broadcasting And Communications Equipment","http://www.nasdaq.com/symbol/dcm",
"NUAN","Nuance Communications, Inc.","16.78","5266042733.4","n/a","n/a","Technology","Computer Software: Prepackaged Software","http://www.nasdaq.com/symbol/nuan",
"NVEC","NVE Corporation","71.65","348072332.45","n/a","n/a","Technology","Semiconductors","http://www.nasdaq.com/symbol/nvec",
"NVDA","NVIDIA Corporation","21.935","11801030000","n/a","1999","Technology","Semiconductors","http://www.nasdaq.com/symbol/nvda",
"NXPI","NXP Semiconductors N.V.","110.63","25832768780","n/a","2010","Technology","Semiconductors","http://www.nasdaq.com/symbol/nxpi",
"OIIM","O2Micro International Limited","2.22","73725072.24","33209492","n/a","Technology","Semiconductors","http://www.nasdaq.com/symbol/oiim",
"OCLR","Oclaro, Inc.","2.63","288782458.08","n/a","n/a","Technology","Semiconductors","http://www.nasdaq.com/symbol/oclr",
"OMCL","Omnicell, Inc.","36.85","1335699886.4","n/a","2001","Technology","Computer Manufacturing","http://www.nasdaq.com/symbol/omcl",
"OMC","Omnicom Group Inc.","74.61","18228128392.35","n/a","n/a","Technology","Advertising","http://www.nasdaq.com/symbol/omc",
"OVTI","OmniVision Technologies, Inc.","26.61","1546211862.81","n/a","2000","Technology","Semiconductors","http://www.nasdaq.com/symbol/ovti",
"ASGN","On Assignment, Inc.","37.94","1962470478.08","n/a","1992","Technology","Professional Services","http://www.nasdaq.com/symbol/asgn",
"ON","ON Semiconductor Corporation","12.98","5571119307.82","n/a","n/a","Technology","Semiconductors","http://www.nasdaq.com/symbol/on",
"OTIV","On Track Innovations Ltd","1.45","59185959.35","n/a","n/a","Technology","Semiconductors","http://www.nasdaq.com/symbol/otiv",
"OTEX","Open Text Corporation","42.33","5173758259.38","n/a","1996","Technology","EDP Services","http://www.nasdaq.com/symbol/otex",
"OPWR","Opower, Inc.","11.82","602962360.08","n/a","2014","Technology","Computer Software: Prepackaged Software","http://www.nasdaq.com/symbol/opwr",
"ORCL","Oracle Corporation","43.7","190840959000","n/a","1986","Technology","Computer Software: Prepackaged Software","http://www.nasdaq.com/symbol/orcl",
"OSIS","OSI Systems, Inc.","72.69","1439978941.47","n/a","1997","Technology","Semiconductors","http://www.nasdaq.com/symbol/osis",
"PFIN","P & F Industries, Inc.","8.8","31766856","n/a","n/a","Technology","Industrial Machinery/Components","http://www.nasdaq.com/symbol/pfin",
"PANW","Palo Alto Networks, Inc.","168.5","14096684051","n/a","2012","Technology","Computer peripheral equipment","http://www.nasdaq.com/symbol/panw",
"PCYG","Park City Group, Inc.","12.22","219918671.96","n/a","n/a","Technology","EDP Services","http://www.nasdaq.com/symbol/pcyg",
"PKE","Park Electrochemical Corporation","21.35","435266058.15","n/a","n/a","Technology","Electrical Products","http://www.nasdaq.com/symbol/pke",
"PRKR","ParkerVision, Inc.","0.374","36516462.4","n/a","1993","Technology","Radio And Television Broadcasting And Communications Equipment","http://www.nasdaq.com/symbol/prkr",
"PAYC","Paycom Software, Inc.","35.38","2065165272.4","n/a","2014","Technology","Computer Software: Prepackaged Software","http://www.nasdaq.com/symbol/payc",
"PCTY","Paylocity Holding Corporation","32.46","1643273250.06","n/a","2014","Technology","Computer Software: Prepackaged Software","http://www.nasdaq.com/symbol/pcty",
"PCTI","PC-Tel, Inc.","7.38","137105366.94","n/a","1999","Technology","Radio And Television Broadcasting And Communications Equipment","http://www.nasdaq.com/symbol/pcti",
"PDFS","PDF Solutions, Inc.","16.4","515886337.6","n/a","2001","Technology","EDP Services","http://www.nasdaq.com/symbol/pdfs",
"PEGA","Pegasystems Inc.","21.83","1670949080.15","n/a","1996","Technology","EDP Services","http://www.nasdaq.com/symbol/pega",
"PNR","Pentair plc.","63.86","11471731916.06","n/a","n/a","Technology","Industrial Machinery/Components","http://www.nasdaq.com/symbol/pnr",
"PRFT","Perficient, Inc.","19.03","674317031.63","n/a","1999","Technology","EDP Services","http://www.nasdaq.com/symbol/prft",
"PSEM","Pericom Semiconductor Corporation","12.75","285357750","n/a","1997","Technology","Semiconductors","http://www.nasdaq.com/symbol/psem",
"PERI","Perion Network Ltd","3.38","239790916.04","n/a","n/a","Technology","EDP Services","http://www.nasdaq.com/symbol/peri",
"PLAB","Photronics, Inc.","9.96","661794391.2","n/a","1987","Technology","Semiconductors","http://www.nasdaq.com/symbol/plab",
"PXLW","Pixelworks, Inc.","5.51","129228476.44","n/a","2000","Technology","Semiconductors","http://www.nasdaq.com/symbol/pxlw",
"PLXS","Plexus Corp.","45.75","1537421155.5","n/a","n/a","Technology","Electrical Products","http://www.nasdaq.com/symbol/plxs",
"PMCS","PMC - Sierra, Inc.","8.96","1773110814.72","n/a","n/a","Technology","Semiconductors","http://www.nasdaq.com/symbol/pmcs",
"PNTR","Pointer Telocation Ltd.","8.29","63738195.56","n/a","n/a","Technology","Radio And Television Broadcasting And Communications Equipment","http://www.nasdaq.com/symbol/pntr",
"POWI","Power Integrations, Inc.","50.14","1475570711.82","n/a","1997","Technology","Semiconductors","http://www.nasdaq.com/symbol/powi",
"PKT","Procera Networks, Inc.","11.48","238650659.8","n/a","n/a","Technology","EDP Services","http://www.nasdaq.com/symbol/pkt",
"IPDN","Professional Diversity Network, Inc.","2.28","33283604.16","n/a","2013","Technology","Computer Software: Programming, Data Processing","http://www.nasdaq.com/symbol/ipdn",
"PRGS","Progress Software Corporation","26.57","1344337075.07","n/a","1991","Technology","Computer Software: Prepackaged Software","http://www.nasdaq.com/symbol/prgs",
"PFPT","Proofpoint, Inc.","58.91","2322303422.19","n/a","2012","Technology","EDP Services","http://www.nasdaq.com/symbol/pfpt",
"PRO","PROS Holdings, Inc.","20.16","595127957.76","n/a","2007","Technology","EDP Services","http://www.nasdaq.com/symbol/pro",
"PTC","PTC Inc.","41.77","4802992119.88","n/a","n/a","Technology","Computer Software: Prepackaged Software","http://www.nasdaq.com/symbol/ptc",
"QTWO","Q2 Holdings, Inc.","24.55","912985162.75","n/a","2014","Technology","Computer Software: Prepackaged Software","http://www.nasdaq.com/symbol/qtwo",
"QADA","QAD Inc.","24.7","458669712.8","n/a","n/a","Technology","Computer Software: Prepackaged Software","http://www.nasdaq.com/symbol/qada",
"QADB","QAD Inc.","20.235","375756341.64","n/a","n/a","Technology","Computer Software: Prepackaged Software","http://www.nasdaq.com/symbol/qadb",
"QIHU","Qihoo 360 Technology Co. Ltd.","54.38","7011986683.6","n/a","2011","Technology","EDP Services","http://www.nasdaq.com/symbol/qihu",
"QLIK","Qlik Technologies Inc.","36.28","3313555290.08","n/a","2010","Technology","Computer Software: Prepackaged Software","http://www.nasdaq.com/symbol/qlik",
"QLGC","QLogic Corporation","15.61","1362112990","n/a","n/a","Technology","Computer Communications Equipment","http://www.nasdaq.com/symbol/qlgc",
"QRVO","Qorvo, Inc.","80.86","12083218846.92","n/a","n/a","Technology","Semiconductors","http://www.nasdaq.com/symbol/qrvo",
"QCOM","QUALCOMM Incorporated","69.35","113010618263.95","n/a","1991","Technology","Radio And Television Broadcasting And Communications Equipment","http://www.nasdaq.com/symbol/qcom",
"QSII","Quality Systems, Inc.","15.96","962430980.28","n/a","1982","Technology","EDP Services","http://www.nasdaq.com/symbol/qsii",
"QBAK","Qualstar Corporation","1.2428","15228173.8076","n/a","2000","Technology","Electronic Components","http://www.nasdaq.com/symbol/qbak",
"QLYS","Qualys, Inc.","39.81","1351781552.49","n/a","2012","Technology","Computer Software: Prepackaged Software","http://www.nasdaq.com/symbol/qlys",
"QTM","Quantum Corporation","2","512776894","n/a","n/a","Technology","Electronic Components","http://www.nasdaq.com/symbol/qtm",
"QRHC","Quest Resource Holding Corporation.","1.08","120590428.32","n/a","n/a","Technology","Diversified Commercial Services","http://www.nasdaq.com/symbol/qrhc",
"QUIK","QuickLogic Corporation","1.51","84877308.38","n/a","1999","Technology","Semiconductors","http://www.nasdaq.com/symbol/quik",
"QUMU","Qumu Corporation","7.25","66314010","n/a","n/a","Technology","Computer Software: Prepackaged Software","http://www.nasdaq.com/symbol/qumu",
"RAX","Rackspace Hosting, Inc","39.7","5669889169.9","n/a","2008","Technology","Computer Software: Programming, Data Processing","http://www.nasdaq.com/symbol/rax",
"RDCM","Radcom Ltd.","10.72","90854755.04","n/a","1997","Technology","Computer peripheral equipment","http://www.nasdaq.com/symbol/rdcm",
"RSYS","RadiSys Corporation","2.85","104657343.75","n/a","1995","Technology","Computer peripheral equipment","http://www.nasdaq.com/symbol/rsys",
"RALY","Rally Software Development Corp.","19.45","498760901.3","n/a","2013","Technology","Computer Software: Prepackaged Software","http://www.nasdaq.com/symbol/raly",
"RMBS","Rambus, Inc.","15.29","1764755730.21","n/a","1997","Technology","Semiconductors","http://www.nasdaq.com/symbol/rmbs",
"RCMT","RCM Technologies, Inc.","5.73","72837811.8","n/a","n/a","Technology","Professional Services","http://www.nasdaq.com/symbol/rcmt",
"RLOC","ReachLocal, Inc.","2.86","83888593.36","n/a","2010","Technology","Advertising","http://www.nasdaq.com/symbol/rloc",
"RLD","RealD Inc","12.48","628513167.36","n/a","2010","Technology","Radio And Television Broadcasting And Communications Equipment","http://www.nasdaq.com/symbol/rld",
"RNWK","RealNetworks, Inc.","5.46","460047183.96","n/a","1997","Technology","EDP Services","http://www.nasdaq.com/symbol/rnwk",
"RP","RealPage, Inc.","17.75","1412298221.75","n/a","2010","Technology","Computer Software: Prepackaged Software","http://www.nasdaq.com/symbol/rp",
"RHT","Red Hat, Inc.","77.51","14209028561.5","n/a","n/a","Technology","Computer Software: Programming, Data Processing","http://www.nasdaq.com/symbol/rht",
"RWC","RELM Wireless Corporation","5.55","76011468","n/a","n/a","Technology","Radio And Television Broadcasting And Communications Equipment","http://www.nasdaq.com/symbol/rwc",
"SOL","Renesola Ltd.","1.37","139587562.84","n/a","2008","Technology","Semiconductors","http://www.nasdaq.com/symbol/sol",
"RENN","Renren Inc.","4.2","1435601189.4","n/a","2011","Technology","EDP Services","http://www.nasdaq.com/symbol/renn",
"RCII","Rent-A-Center Inc.","30.54","1619467454.46","n/a","1995","Technology","Diversified Commercial Services","http://www.nasdaq.com/symbol/rcii",
"RESN","Resonant Inc.","4.29","30720128.01","n/a","2014","Technology","Semiconductors","http://www.nasdaq.com/symbol/resn",
"RXN","Rexnord Corporation","25.72","2618729562.04","n/a","2012","Technology","Industrial Machinery/Components","http://www.nasdaq.com/symbol/rxn",
"RNG","Ringcentral, Inc.","17.35","1198350082.15","n/a","2013","Technology","EDP Services","http://www.nasdaq.com/symbol/rng",
"RHI","Robert Half International Inc.","56.89","7684455719.65","n/a","n/a","Technology","Professional Services","http://www.nasdaq.com/symbol/rhi",
"FUEL","Rocket Fuel Inc.","8.17","344652438.57","n/a","2013","Technology","Computer Software: Programming, Data Processing","http://www.nasdaq.com/symbol/fuel",
"RST","Rosetta Stone","8.7","188012124.3","n/a","2009","Technology","Computer Software: Prepackaged Software","http://www.nasdaq.com/symbol/rst",
"RBCN","Rubicon Technology, Inc.","2.84","74401874.12","n/a","2007","Technology","Semiconductors","http://www.nasdaq.com/symbol/rbcn",
"RKUS","Ruckus Wireless, Inc.","10.87","940937212.07","n/a","2012","Technology","Computer peripheral equipment","http://www.nasdaq.com/symbol/rkus",
"SABR","Sabre Corporation","26.05","7074010797.85","n/a","2014","Technology","Computer Software: Programming, Data Processing","http://www.nasdaq.com/symbol/sabr",
"CRM","Salesforce.com Inc","72.9","47822400000","n/a","2004","Technology","Computer Software: Prepackaged Software","http://www.nasdaq.com/symbol/crm",
"SNDK","SanDisk Corporation","67.07","13945140676.93","n/a","1995","Technology","Electronic Components","http://www.nasdaq.com/symbol/sndk",
"SANM","Sanmina Corporation","21.47","1773973177.84","n/a","1993","Technology","Electrical Products","http://www.nasdaq.com/symbol/sanm",
"SAP","SAP SE","74.68","89259730098.4","n/a","n/a","Technology","Computer Software: Prepackaged Software","http://www.nasdaq.com/symbol/sap",
"SPNS","Sapiens International Corporation N.V.","9.36","448383293.28","n/a","1992","Technology","Computer Software: Prepackaged Software","http://www.nasdaq.com/symbol/spns",
"SCSC","ScanSource, Inc.","39.04","1117320817.92","n/a","n/a","Technology","Retail: Computer Software & Peripheral Equipment","http://www.nasdaq.com/symbol/scsc",
"SAIC","SCIENCE APPLICATIONS INTERNATIONAL CORPORATION","52.79","2430388727.11","n/a","n/a","Technology","EDP Services","http://www.nasdaq.com/symbol/saic",
"SGMS","Scientific Games Corp","15.96","1369738064.52","n/a","n/a","Technology","EDP Services","http://www.nasdaq.com/symbol/sgms",
"SQI","SciQuest, Inc.","15.21","419626682.28","n/a","2010","Technology","Computer Software: Prepackaged Software","http://www.nasdaq.com/symbol/sqi",
"SEAC","SeaChange International, Inc.","7.07","235428009.39","n/a","1996","Technology","Radio And Television Broadcasting And Communications Equipment","http://www.nasdaq.com/symbol/seac",
"STX","Seagate Technology.","55.29","17548024848.99","n/a","2002","Technology","Electronic Components","http://www.nasdaq.com/symbol/stx",
"SLTC","Selectica, Inc.","6.8401","54446081.0637","n/a","2000","Technology","Computer Software: Prepackaged Software","http://www.nasdaq.com/symbol/sltc",
"SMI","Semiconductor  Manufacturing International Corporation","5.64","4052892973.8","n/a","2004","Technology","Semiconductors","http://www.nasdaq.com/symbol/smi",
"LEDS","SemiLEDS Corporation","0.8","22762394.4","n/a","2010","Technology","Semiconductors","http://www.nasdaq.com/symbol/leds",
"SMTC","Semtech Corporation","21.38","1419401694.64","n/a","n/a","Technology","Semiconductors","http://www.nasdaq.com/symbol/smtc",
"SQNS","Sequans Communications S.A.","2.01","118880929.41","n/a","2011","Technology","Semiconductors","http://www.nasdaq.com/symbol/sqns",
"NOW","ServiceNow, Inc.","75.38","11593444000","n/a","2012","Technology","Computer Software: Prepackaged Software","http://www.nasdaq.com/symbol/now",
"SGOC","SGOCO Group, Ltd","0.7","12190402.7","n/a","2010","Technology","Radio And Television Broadcasting And Communications Equipment","http://www.nasdaq.com/symbol/sgoc",
"SHOP","Shopify Inc.","26.95","238642250","n/a","2015","Technology","Computer Software: Prepackaged Software","http://www.nasdaq.com/symbol/shop",
"SSTK","Shutterstock, Inc.","62.9","2255785027.3","n/a","2012","Technology","EDP Services","http://www.nasdaq.com/symbol/sstk",
"SWIR","Sierra Wireless, Inc.","29.95","962424800.8","n/a","n/a","Technology","Radio And Television Broadcasting And Communications Equipment","http://www.nasdaq.com/symbol/swir",
"SIFY","Sify Technologies Limited","1.392","34935406.8","25097275","n/a","Technology","Computer Software: Programming, Data Processing","http://www.nasdaq.com/symbol/sify",
"SIGM","Sigma Designs, Inc.","8.7","307957380","n/a","1986","Technology","Semiconductors","http://www.nasdaq.com/symbol/sigm",
"SGMA","SigmaTron International, Inc.","8.78","35635710.86","n/a","1994","Technology","Electrical Products","http://www.nasdaq.com/symbol/sgma",
"SILC","Silicom Ltd","35.97","261656858.76","n/a","n/a","Technology","Computer Communications Equipment","http://www.nasdaq.com/symbol/silc",
"SGI","Silicon Graphics International Corp","6.75","234978786","n/a","n/a","Technology","Computer Manufacturing","http://www.nasdaq.com/symbol/sgi",
"SLAB","Silicon Laboratories, Inc.","55.31","2362323341.31","n/a","2000","Technology","Semiconductors","http://www.nasdaq.com/symbol/slab",
"SIMO","Silicon Motion Technology Corporation","34.9","1179700584.1","33802309","2005","Technology","Semiconductors","http://www.nasdaq.com/symbol/simo",
"SPIL","Siliconware Precision Industries Company, Ltd.","7.89","455877659.19","57779171","n/a","Technology","Semiconductors","http://www.nasdaq.com/symbol/spil",
"SSNI","Silver Spring Networks, Inc.","13.52","671962157.36","n/a","2013","Technology","Computer Communications Equipment","http://www.nasdaq.com/symbol/ssni",
"SLP","Simulations Plus, Inc.","5.84","98416363.28","n/a","n/a","Technology","EDP Services","http://www.nasdaq.com/symbol/slp",
"SINA","Sina Corporation","50.61","3038342401.08","n/a","n/a","Technology","Computer Software: Prepackaged Software","http://www.nasdaq.com/symbol/sina",
"MOBI","Sky-mobi Limited","4.32","56107892.16","12987938","2010","Technology","Computer Software: Prepackaged Software","http://www.nasdaq.com/symbol/mobi",
"SWKS","Skyworks Solutions, Inc.","108.12","20661560521.68","n/a","n/a","Technology","Semiconductors","http://www.nasdaq.com/symbol/swks",
"SMT","SMART Technologies Inc.","1.02","124634731.26","n/a","n/a","Technology","Computer peripheral equipment","http://www.nasdaq.com/symbol/smt",
"SMSI","Smith Micro Software, Inc.","1.21","56011233.96","n/a","1995","Technology","Computer Software: Prepackaged Software","http://www.nasdaq.com/symbol/smsi",
"SMTX","SMTC Corporation","1.7101","28075183.6876","n/a","2000","Technology","Electrical Products","http://www.nasdaq.com/symbol/smtx",
"SMTP","SMTP, Inc.","6.2","33868405.2","n/a","n/a","Technology","Advertising","http://www.nasdaq.com/symbol/smtp",
"SOHU","Sohu.com Inc.","66.94","2582307362.18","n/a","n/a","Technology","EDP Services","http://www.nasdaq.com/symbol/sohu",
"SEDG","SolarEdge Technologies, Inc.","37.45","1465717313.55","n/a","2015","Technology","Semiconductors","http://www.nasdaq.com/symbol/sedg",
"SWI","Solarwinds, Inc.","48.64","3715514800.64","n/a","2009","Technology","Computer Software: Prepackaged Software","http://www.nasdaq.com/symbol/swi",
"SLH","Solera Holdings, Inc.","48.88","3280779555.04","n/a","2007","Technology","Computer Software: Programming, Data Processing","http://www.nasdaq.com/symbol/slh",
"SOFO","Sonic Foundry, Inc.","7.08","30836607.24","n/a","n/a","Technology","Radio And Television Broadcasting And Communications Equipment","http://www.nasdaq.com/symbol/sofo",
"SONS","Sonus Networks, Inc.","7.77","384181123.2","n/a","n/a","Technology","EDP Services","http://www.nasdaq.com/symbol/sons",
"SFUN","SouFun Holdings Limited","7.82","3238016999.4","n/a","2010","Technology","EDP Services","http://www.nasdaq.com/symbol/sfun",
"SPA","Sparton Corporation","26.44","262029283.84","n/a","n/a","Technology","Electrical Products","http://www.nasdaq.com/symbol/spa",
"SPDC","Speed Commerce, Inc.","0.2587","20450610.3737","n/a","n/a","Technology","Retail: Computer Software & Peripheral Equipment","http://www.nasdaq.com/symbol/spdc",
"ANY","Sphere 3D Corp.","3.8","133433200","n/a","n/a","Technology","EDP Services","http://www.nasdaq.com/symbol/any",
"SPLK","Splunk Inc.","66.165","8291308840.65","n/a","2012","Technology","Computer Software: Prepackaged Software","http://www.nasdaq.com/symbol/splk",
"SPSC","SPS Commerce, Inc.","65.19","1077451780.11","n/a","2010","Technology","Computer Software: Prepackaged Software","http://www.nasdaq.com/symbol/spsc",
"SPW","SPX Corporation","n/a","0","n/a","n/a","Technology","Industrial Machinery/Components","http://www.nasdaq.com/symbol/spw",
"SSNC","SS&C Technologies Holdings, Inc.","59.8","5210674255.8","n/a","2010","Technology","Computer Software: Prepackaged Software","http://www.nasdaq.com/symbol/ssnc",
"SXI","Standex International Corporation","80.71","1031269200.15","n/a","n/a","Technology","Industrial Machinery/Components","http://www.nasdaq.com/symbol/sxi",
"SRT","StarTek, Inc.","6.18","95328199.5","n/a","1997","Technology","Professional Services","http://www.nasdaq.com/symbol/srt",
"STM","STMicroelectronics N.V.","8.56","7481604360.56","n/a","n/a","Technology","Semiconductors","http://www.nasdaq.com/symbol/stm",
"SSYS","Stratasys, Ltd.","35.37","1804435920","n/a","1994","Technology","Computer peripheral equipment","http://www.nasdaq.com/symbol/ssys",
"STRM","Streamline Health Solutions, Inc.","2.245","41820508.805","n/a","n/a","Technology","EDP Services","http://www.nasdaq.com/symbol/strm",
"SEMI","SunEdison Semiconductor Limited","22.97","954630880.03","n/a","2014","Technology","Semiconductors","http://www.nasdaq.com/symbol/semi",
"SUNE","SunEdison, Inc.","30.47","8364472263.29","n/a","n/a","Technology","Semiconductors","http://www.nasdaq.com/symbol/sune",
"GOMO","Sungy Mobile Limited","4.62","55926555.3","12105315","2013","Technology","Computer Software: Prepackaged Software","http://www.nasdaq.com/symbol/gomo",
"SPWR","SunPower Corporation","n/a","0","n/a","2005","Technology","Semiconductors","http://www.nasdaq.com/symbol/spwr",
"SMCI","Super Micro Computer, Inc.","34.6","1635382459.4","n/a","2007","Technology","Computer Manufacturing","http://www.nasdaq.com/symbol/smci",
"SPCB","SuperCom, Ltd.","12.59","173019145.15","n/a","n/a","Technology","Semiconductors","http://www.nasdaq.com/symbol/spcb",
"SCON","Superconductor Technologies Inc.","1.04","18973436.56","n/a","1993","Technology","Radio And Television Broadcasting And Communications Equipment","http://www.nasdaq.com/symbol/scon",
"SPRT","support.com, Inc.","1.43","77715116.05","n/a","2000","Technology","EDP Services","http://www.nasdaq.com/symbol/sprt",
"SYKE","Sykes Enterprises, Incorporated","24.34","1055593987.62","n/a","1996","Technology","EDP Services","http://www.nasdaq.com/symbol/syke",
"SYMC","Symantec Corporation","24.36","16582532423.52","n/a","1989","Technology","Computer Software: Prepackaged Software","http://www.nasdaq.com/symbol/symc",
"SYNC","Synacor, Inc.","1.88","52129707.84","n/a","2012","Technology","Computer Software: Programming, Data Processing","http://www.nasdaq.com/symbol/sync",
"SYNA","Synaptics Incorporated","99.5","3664775841","n/a","2002","Technology","EDP Services","http://www.nasdaq.com/symbol/syna",
"SNCR","Synchronoss Technologies, Inc.","42.53","1840691254.96","n/a","2006","Technology","EDP Services","http://www.nasdaq.com/symbol/sncr",
"SNX","Synnex Corporation","83.19","3286837648.71","n/a","2003","Technology","Retail: Computer Software & Peripheral Equipment","http://www.nasdaq.com/symbol/snx",
"SNPS","Synopsys, Inc.","50.16","7779154891.2","n/a","1992","Technology","Computer Software: Prepackaged Software","http://www.nasdaq.com/symbol/snps",
"SYNT","Syntel, Inc.","48.09","4027454208.12","n/a","1997","Technology","EDP Services","http://www.nasdaq.com/symbol/synt",
"SYRX","Sysorex Global Holding Corp.","1.85","36651102.95","n/a","2014","Technology","EDP Services","http://www.nasdaq.com/symbol/syrx",
"DATA","Tableau Software, Inc.","112.9","8032745583.2","n/a","2013","Technology","Computer Software: Prepackaged Software","http://www.nasdaq.com/symbol/data",
"TSM","Taiwan Semiconductor Manufacturing Company Ltd.","23.67","122754049668","n/a","1997","Technology","Semiconductors","http://www.nasdaq.com/symbol/tsm",
"TTWO","Take-Two Interactive Software, Inc.","27.55","2330990402.6","n/a","1997","Technology","Computer Software: Prepackaged Software","http://www.nasdaq.com/symbol/ttwo",
"TAL","TAL International Group, Inc.","35.6","1183852759.6","n/a","2005","Technology","Diversified Commercial Services","http://www.nasdaq.com/symbol/tal",
"TNGO","Tangoe, Inc.","12.81","499583876.82","n/a","2011","Technology","Computer Software: Prepackaged Software","http://www.nasdaq.com/symbol/tngo",
"TMH","Team Health Holdings, Inc.","58.86","4238907729.66","n/a","2009","Technology","Professional Services","http://www.nasdaq.com/symbol/tmh",
"TECD","Tech Data Corporation","62.63","2294215500.65","n/a","1986","Technology","Retail: Computer Software & Peripheral Equipment","http://www.nasdaq.com/symbol/tecd",
"TCCO","Technical Communications Corporation","3.77","6932732.17","n/a","n/a","Technology","Radio And Television Broadcasting And Communications Equipment","http://www.nasdaq.com/symbol/tcco",
"TSYS","TeleCommunication Systems, Inc.","3.2","194527888","n/a","2000","Technology","Computer Software: Prepackaged Software","http://www.nasdaq.com/symbol/tsys",
"TTEC","TeleTech Holdings, Inc.","25.33","1227094650.93","n/a","1996","Technology","Professional Services","http://www.nasdaq.com/symbol/ttec",
"TNC","Tennant Company","64.05","1178649573.15","n/a","n/a","Technology","Industrial Machinery/Components","http://www.nasdaq.com/symbol/tnc",
"TDC","Teradata Corporation","39.25","5573500000","n/a","n/a","Technology","Computer Manufacturing","http://www.nasdaq.com/symbol/tdc",
"TSRA","Tessera Technologies, Inc.","38.6","2030926030.4","n/a","2003","Technology","Semiconductors","http://www.nasdaq.com/symbol/tsra",
"TXN","Texas Instruments Incorporated","55.25","57480076579.25","n/a","n/a","Technology","Semiconductors","http://www.nasdaq.com/symbol/txn",
"TGH","Textainer Group Holdings Limited","28.07","1599521904.68","n/a","2007","Technology","Diversified Commercial Services","http://www.nasdaq.com/symbol/tgh",
"TXTR","Textura Corporation","29.68","762090184.24","n/a","2013","Technology","Computer Software: Prepackaged Software","http://www.nasdaq.com/symbol/txtr",
"DSGX","The Descartes Systems Group Inc.","14.92","1126385280.64","n/a","n/a","Technology","Computer Software: Prepackaged Software","http://www.nasdaq.com/symbol/dsgx",
"KEYW","The KEYW Holding Corporation","6.84","261441790.56","n/a","2010","Technology","EDP Services","http://www.nasdaq.com/symbol/keyw",
"MIDD","The Middleby Corporation","109.33","6267564408.56","n/a","n/a","Technology","Industrial Machinery/Components","http://www.nasdaq.com/symbol/midd",
"RUBI","The Rubicon Project, Inc.","17.38","739680286.4","n/a","2014","Technology","Computer Software: Programming, Data Processing","http://www.nasdaq.com/symbol/rubi",
"ULTI","The Ultimate Software Group, Inc.","162.03","4630853046.6","n/a","1998","Technology","Computer Software: Prepackaged Software","http://www.nasdaq.com/symbol/ulti",
"TIGR","TigerLogic Corporation","0.43","13307131.31","n/a","n/a","Technology","Computer Software: Prepackaged Software","http://www.nasdaq.com/symbol/tigr",
"TISA","Top Image Systems, Ltd.","3.4899","62235243.6141","n/a","1996","Technology","Computer peripheral equipment","http://www.nasdaq.com/symbol/tisa",
"TSEM","Tower Semiconductor Ltd.","15.68","1207134803.84","n/a","1994","Technology","Semiconductors","http://www.nasdaq.com/symbol/tsem",
"TACT","TransAct Technologies Incorporated","6.74","52219444.08","n/a","1996","Technology","Computer peripheral equipment","http://www.nasdaq.com/symbol/tact",
"TZOO","Travelzoo Inc.","12.4","182657629.6","n/a","n/a","Technology","EDP Services","http://www.nasdaq.com/symbol/tzoo",
"TRMR","Tremor Video, Inc.","2.92","150040091.56","n/a","2013","Technology","Advertising","http://www.nasdaq.com/symbol/trmr",
"TSL","Trina Solar Limited","12.41","1143258430.47","n/a","2006","Technology","Semiconductors","http://www.nasdaq.com/symbol/tsl",
"TRT","Trio-Tech International","3.24","11382298.2","n/a","n/a","Technology","Industrial Machinery/Components","http://www.nasdaq.com/symbol/trt",
"TRIP","TripAdvisor, Inc.","76.32","10952644887.36","n/a","n/a","Technology","Computer Software: Programming, Data Processing","http://www.nasdaq.com/symbol/trip",
"TBI","TrueBlue, Inc.","28.89","1211681874.69","n/a","n/a","Technology","Professional Services","http://www.nasdaq.com/symbol/tbi",
"TRUE","TrueCar, Inc.","13.97","1144730745.84","n/a","2014","Technology","Computer Software: Programming, Data Processing","http://www.nasdaq.com/symbol/true",
"TSRI","TSR, Inc.","4.0532","7952629.6984","n/a","n/a","Technology","EDP Services","http://www.nasdaq.com/symbol/tsri",
"TTMI","TTM Technologies, Inc.","10.78","905726124.38","n/a","2000","Technology","Electrical Products","http://www.nasdaq.com/symbol/ttmi",
"TUBE","TubeMogul, Inc.","15.57","473538553.11","n/a","2014","Technology","Computer Software: Prepackaged Software","http://www.nasdaq.com/symbol/tube",
"TCX","Tucows Inc.","27.67","304891800.86","n/a","n/a","Technology","EDP Services","http://www.nasdaq.com/symbol/tcx",
"TWIN","Twin Disc, Incorporated","18.74","211162526.14","n/a","n/a","Technology","Industrial Machinery/Components","http://www.nasdaq.com/symbol/twin",
"TWTR","Twitter, Inc.","36.4","23833778950.8","n/a","2013","Technology","Computer Software: Programming, Data Processing","http://www.nasdaq.com/symbol/twtr",
"TYL","Tyler Technologies, Inc.","120.58","4060290340","n/a","n/a","Technology","Computer Software: Prepackaged Software","http://www.nasdaq.com/symbol/tyl",
"UBIC","UBIC, Inc.","14.9775","1727504.85","115340","2013","Technology","EDP Services","http://www.nasdaq.com/symbol/ubic",
"UBNT","Ubiquiti Networks, Inc.","31.2","2745642650.4","n/a","2011","Technology","Radio And Television Broadcasting And Communications Equipment","http://www.nasdaq.com/symbol/ubnt",
"UCTT","Ultra Clean Holdings, Inc.","6.44","203601791.4","n/a","2004","Technology","Semiconductors","http://www.nasdaq.com/symbol/uctt",
"UTEK","Ultratech, Inc.","19.8","546517857.6","n/a","1993","Technology","Industrial Machinery/Components","http://www.nasdaq.com/symbol/utek",
"UIS","Unisys Corporation","20.95","1045786143.35","n/a","n/a","Technology","EDP Services","http://www.nasdaq.com/symbol/uis",
"UMC","United Microelectronics Corporation","2.2","5609120000","n/a","n/a","Technology","Semiconductors","http://www.nasdaq.com/symbol/umc",
"UNTD","United Online, Inc.","17.27","253468543.24","n/a","n/a","Technology","Computer Software: Programming, Data Processing","http://www.nasdaq.com/symbol/untd",
"URI","United Rentals, Inc.","92.06","8927059580.9","n/a","1997","Technology","Diversified Commercial Services","http://www.nasdaq.com/symbol/uri",
"UPIP","Unwired Planet, Inc.","0.6734","75584498.8262","n/a","n/a","Technology","Computer Software: Prepackaged Software","http://www.nasdaq.com/symbol/upip",
"UPLD","Upland Software, Inc.","7.73","118027313.82","n/a","2014","Technology","Computer Software: Prepackaged Software","http://www.nasdaq.com/symbol/upld",
"VRNS","Varonis Systems, Inc.","20.07","498660544.62","n/a","2014","Technology","Computer Software: Prepackaged Software","http://www.nasdaq.com/symbol/vrns",
"VDSI","VASCO Data Security International, Inc.","27","1073934828","n/a","n/a","Technology","EDP Services","http://www.nasdaq.com/symbol/vdsi",
"VECO","Veeco Instruments Inc.","30.49","1231321179.23","n/a","1994","Technology","Industrial Machinery/Components","http://www.nasdaq.com/symbol/veco",
"VEEV","Veeva Systems Inc.","26.97","1925107245.63","n/a","2013","Technology","Computer Software: Prepackaged Software","http://www.nasdaq.com/symbol/veev",
"VRNT","Verint Systems Inc.","64.84","3978452784.84","n/a","2002","Technology","EDP Services","http://www.nasdaq.com/symbol/vrnt",
"VRSN","VeriSign, Inc.","62.31","7255030579.5","n/a","1998","Technology","EDP Services","http://www.nasdaq.com/symbol/vrsn",
"VRSK","Verisk Analytics, Inc.","72.85","11614570714.95","n/a","2009","Technology","EDP Services","http://www.nasdaq.com/symbol/vrsk",
"VSAT","ViaSat, Inc.","63.95","3050866231.2","n/a","1996","Technology","Radio And Television Broadcasting And Communications Equipment","http://www.nasdaq.com/symbol/vsat",
"VGGL","Viggle Inc.","2.16","45246511.44","n/a","n/a","Technology","Computer Software: Programming, Data Processing","http://www.nasdaq.com/symbol/vggl",
"VIMC","Vimicro International Corporation","15.23","392206203.99","25752213","2005","Technology","Semiconductors","http://www.nasdaq.com/symbol/vimc",
"VMEM","Violin Memory, Inc.","3.16","302919669.8","n/a","2013","Technology","Electronic Components","http://www.nasdaq.com/symbol/vmem",
"VRTU","Virtusa Corporation","46.35","1374178542.75","n/a","2007","Technology","EDP Services","http://www.nasdaq.com/symbol/vrtu",
"VISN","VisionChina Media, Inc.","13.21","52344915.62","3962522","2007","Technology","Advertising","http://www.nasdaq.com/symbol/visn",
"VMW","Vmware, Inc.","87.72","37181248675.68","n/a","2007","Technology","Computer Software: Prepackaged Software","http://www.nasdaq.com/symbol/vmw",
"VISI","Volt Information Sciences, Inc.","11.7","243549657","n/a","n/a","Technology","Professional Services","http://www.nasdaq.com/symbol/visi",
"VUZI","Vuzix Corporation","6","95345604","n/a","n/a","Technology","Radio And Television Broadcasting And Communications Equipment","http://www.nasdaq.com/symbol/vuzi",
"WAVX","Wave Systems Corp.","0.65","33464764.45","n/a","1994","Technology","Computer peripheral equipment","http://www.nasdaq.com/symbol/wavx",
"WSTG","Wayside Technology Group, Inc.","18.77","90477481.48","n/a","n/a","Technology","Retail: Computer Software & Peripheral Equipment","http://www.nasdaq.com/symbol/wstg",
"WWWW","Web.com Group, Inc.","22.97","1184524654.95","n/a","n/a","Technology","Computer Software: Prepackaged Software","http://www.nasdaq.com/symbol/wwww",
"WB","Weibo Corporation","17.6","802812102.4","45614324","2014","Technology","Computer Software: Programming, Data Processing","http://www.nasdaq.com/symbol/wb",
"WDC","Western Digital Corporation","96.95","22386924217","n/a","n/a","Technology","Electronic Components","http://www.nasdaq.com/symbol/wdc",
"WYY","WidePoint Corporation","1.49","122382346.47","n/a","n/a","Technology","EDP Services","http://www.nasdaq.com/symbol/wyy",
"WIT","Wipro Limited","12","29628516456","n/a","n/a","Technology","EDP Services","http://www.nasdaq.com/symbol/wit",
"WIX","Wix.com Ltd.","24.95","958558865.35","n/a","2013","Technology","Computer Software: Programming, Data Processing","http://www.nasdaq.com/symbol/wix",
"WDAY","Workday, Inc.","79.8","8534761699.8","n/a","2012","Technology","EDP Services","http://www.nasdaq.com/symbol/wday",
"WK","Workiva Inc.","13.44","540149043.84","n/a","2014","Technology","Computer Software: Prepackaged Software","http://www.nasdaq.com/symbol/wk",
"WOWO","Wowo Limited","9.74","43830000","4500000","2015","Technology","EDP Services","http://www.nasdaq.com/symbol/wowo",
"WPPGY","WPP plc","119","1219425963","10247277","n/a","Technology","Advertising","http://www.nasdaq.com/symbol/wppgy",
"WSCI","WSI Industries Inc.","6.33","18435764.19","n/a","n/a","Technology","Industrial Machinery/Components","http://www.nasdaq.com/symbol/wsci",
"XLNX","Xilinx, Inc.","47.78","12359652136.36","n/a","1990","Technology","Semiconductors","http://www.nasdaq.com/symbol/xlnx",
"XPLR","Xplore Technologies Corp","6.19","66723582.26","n/a","n/a","Technology","Computer Manufacturing","http://www.nasdaq.com/symbol/xplr",
"XNET","Xunlei Limited","9.99","151659189","15181100","2014","Technology","Computer Software: Prepackaged Software","http://www.nasdaq.com/symbol/xnet",
"YHOO","Yahoo! Inc.","43.15","40493801124.2","n/a","1996","Technology","EDP Services","http://www.nasdaq.com/symbol/yhoo",
"YNDX","Yandex N.V.","18.925","6117181004.95","n/a","2011","Technology","Computer Software: Programming, Data Processing","http://www.nasdaq.com/symbol/yndx",
"YGE","Yingli Green Energy Holding Company Limited","1.05","190851958.5","n/a","2007","Technology","Semiconductors","http://www.nasdaq.com/symbol/yge",
"YDLE","Yodlee, Inc.","14.26","422717564.88","n/a","2014","Technology","Computer Software: Prepackaged Software","http://www.nasdaq.com/symbol/ydle",
"YOKU","Youku Tudou Inc.","29.84","5788638026.4","n/a","2010","Technology","Radio And Television Broadcasting And Communications Equipment","http://www.nasdaq.com/symbol/yoku",
"YUME","YuMe, Inc.","4.53","151647865.5","n/a","2013","Technology","Advertising","http://www.nasdaq.com/symbol/yume",
"YY","YY Inc.","65.54","2421311332.96","36944024","2012","Technology","EDP Services","http://www.nasdaq.com/symbol/yy",
"ZBRA","Zebra Technologies Corporation","114.09","5901313692.66","n/a","1991","Technology","Industrial Machinery/Components","http://www.nasdaq.com/symbol/zbra",
"ZEN","Zendesk, Inc.","22.32","1921615022.16","n/a","2014","Technology","EDP Services","http://www.nasdaq.com/symbol/zen",
"ZPIN","Zhaopin Limited","15.15","756608119.5","n/a","2014","Technology","Professional Services","http://www.nasdaq.com/symbol/zpin",
"ZIXI","Zix Corporation","4.65","267465516.9","n/a","n/a","Technology","EDP Services","http://www.nasdaq.com/symbol/zixi",
"ZNGA","Zynga Inc.","2.98","2339189781.72","n/a","2011","Technology","EDP Services","http://www.nasdaq.com/symbol/znga",
